pod_The-Clay-Travis-and-Buck-Sexton-Show_3566,Failed to convert
pod_The-Clay-Travis-and-Buck-Sexton-Show_884,Failed to convert
pod_The-Beat-with-Ari-Melber_15,Audio Path Not Found
pod_The-Remnant-with-Jonah-Goldberg_379,Failed to convert
pod_Countdown-with-Keith-Olbermann_63,Failed to convert
pod_Stay-Free-with-Russell-Brand_74,Audio Path Not Found
pod_No-Lie-with-Brian-Tyler-Cohen_59,Failed to convert
pod_Ruthless-Podcast_420,Failed to convert
pod_Ruthless-Podcast_412,Failed to convert
pod_Ruthless-Podcast_358,Failed to convert
pod_Ruthless-Podcast_354,Failed to convert
pod_Ruthless-Podcast_307,Failed to convert
pod_Ruthless-Podcast_298,Failed to convert
pod_Ruthless-Podcast_292,Failed to convert
pod_Ruthless-Podcast_226,Failed to convert
pod_Ruthless-Podcast_222,Failed to convert
pod_Ruthless-Podcast_221,Failed to convert
pod_Ruthless-Podcast_204,Failed to convert
pod_Ruthless-Podcast_180,Failed to convert
pod_Ruthless-Podcast_176,Failed to convert
pod_Ruthless-Podcast_134,Failed to convert
pod_Ruthless-Podcast_133,Failed to convert
pod_Ruthless-Podcast_131,Failed to convert
pod_Ruthless-Podcast_55,Failed to convert
pod_Ruthless-Podcast_46,Failed to convert
pod_Ruthless-Podcast_5,Failed to convert
pod_Cleanup-on-Aisle-45-with-AG-&-Pete-Strzok_183,Failed to convert
pod_Cleanup-on-Aisle-45-with-AG-&-Pete-Strzok_180,Failed to convert
pod_Cleanup-on-Aisle-45-with-AG-&-Pete-Strzok_181,Failed to convert
pod_The-Ben-Ferguson-Podcast_1059,Failed to convert
pod_The-Ben-Ferguson-Podcast_1058,Failed to convert
pod_The-Ben-Ferguson-Podcast_1056,Failed to convert
pod_The-Ben-Ferguson-Podcast_1055,Failed to convert
pod_The-Michael-Steele-Podcast_210,Audio Path Not Found
pod_The-Michael-Steele-Podcast_209,Audio Path Not Found
pod_The-Michael-Steele-Podcast_208,Audio Path Not Found
pod_The-Wright-Report_354,Failed to convert
pod_The-Wright-Report_351,Failed to convert
pod_The-Wright-Report_284,Failed to convert
pod_The-Wright-Report_219,Failed to convert
pod_The-Wright-Report_216,Failed to convert
pod_The-Wright-Report_56,Failed to convert
pod_The-Foreign-Affairs-Interview_47,Audio Path Not Found
