The-Bulwark-Podcast_148,The-Bulwark-Podcast,148,,File is not a valid audio file for falcon
Letters-from-an-American_186,Letters-from-an-American,186,,File is not a valid audio file for falcon
Letters-from-an-American_185,Letters-from-an-American,185,,File is not a valid audio file for falcon
Letters-from-an-American_184,Letters-from-an-American,184,,File is not a valid audio file for falcon
Letters-from-an-American_183,Letters-from-an-American,183,,File is not a valid audio file for falcon
Letters-from-an-American_182,Letters-from-an-American,182,,File is not a valid audio file for falcon
Letters-from-an-American_181,Letters-from-an-American,181,,File is not a valid audio file for falcon
Letters-from-an-American_180,Letters-from-an-American,180,,File is not a valid audio file for falcon
Letters-from-an-American_179,Letters-from-an-American,179,,File is not a valid audio file for falcon
Letters-from-an-American_178,Letters-from-an-American,178,,File is not a valid audio file for falcon
Letters-from-an-American_177,Letters-from-an-American,177,,File is not a valid audio file for falcon
Letters-from-an-American_176,Letters-from-an-American,176,,File is not a valid audio file for falcon
Letters-from-an-American_175,Letters-from-an-American,175,,File is not a valid audio file for falcon
Letters-from-an-American_174,Letters-from-an-American,174,,File is not a valid audio file for falcon
Letters-from-an-American_173,Letters-from-an-American,173,,File is not a valid audio file for falcon
Letters-from-an-American_172,Letters-from-an-American,172,,File is not a valid audio file for falcon
Letters-from-an-American_171,Letters-from-an-American,171,,File is not a valid audio file for falcon
Letters-from-an-American_170,Letters-from-an-American,170,,File is not a valid audio file for falcon
Letters-from-an-American_169,Letters-from-an-American,169,,File is not a valid audio file for falcon
Letters-from-an-American_167,Letters-from-an-American,167,,File is not a valid audio file for falcon
Letters-from-an-American_166,Letters-from-an-American,166,,File is not a valid audio file for falcon
Letters-from-an-American_165,Letters-from-an-American,165,,File is not a valid audio file for falcon
Letters-from-an-American_164,Letters-from-an-American,164,,File is not a valid audio file for falcon
Letters-from-an-American_163,Letters-from-an-American,163,,File is not a valid audio file for falcon
Letters-from-an-American_162,Letters-from-an-American,162,,File is not a valid audio file for falcon
Letters-from-an-American_161,Letters-from-an-American,161,,File is not a valid audio file for falcon
Letters-from-an-American_160,Letters-from-an-American,160,,File is not a valid audio file for falcon
Letters-from-an-American_159,Letters-from-an-American,159,,File is not a valid audio file for falcon
Letters-from-an-American_158,Letters-from-an-American,158,,File is not a valid audio file for falcon
Letters-from-an-American_157,Letters-from-an-American,157,,File is not a valid audio file for falcon
Letters-from-an-American_156,Letters-from-an-American,156,,File is not a valid audio file for falcon
Letters-from-an-American_155,Letters-from-an-American,155,,File is not a valid audio file for falcon
Letters-from-an-American_154,Letters-from-an-American,154,,File is not a valid audio file for falcon
Letters-from-an-American_153,Letters-from-an-American,153,,File is not a valid audio file for falcon
Letters-from-an-American_152,Letters-from-an-American,152,,File is not a valid audio file for falcon
Letters-from-an-American_151,Letters-from-an-American,151,,File is not a valid audio file for falcon
Letters-from-an-American_150,Letters-from-an-American,150,,File is not a valid audio file for falcon
Letters-from-an-American_149,Letters-from-an-American,149,,File is not a valid audio file for falcon
Letters-from-an-American_148,Letters-from-an-American,148,,File is not a valid audio file for falcon
Letters-from-an-American_147,Letters-from-an-American,147,,File is not a valid audio file for falcon
Letters-from-an-American_146,Letters-from-an-American,146,,File is not a valid audio file for falcon
Letters-from-an-American_145,Letters-from-an-American,145,,File is not a valid audio file for falcon
Letters-from-an-American_144,Letters-from-an-American,144,,File is not a valid audio file for falcon
Letters-from-an-American_143,Letters-from-an-American,143,,File is not a valid audio file for falcon
Letters-from-an-American_142,Letters-from-an-American,142,,File is not a valid audio file for falcon
Letters-from-an-American_141,Letters-from-an-American,141,,File is not a valid audio file for falcon
Letters-from-an-American_140,Letters-from-an-American,140,,File is not a valid audio file for falcon
Letters-from-an-American_139,Letters-from-an-American,139,,File is not a valid audio file for falcon
Letters-from-an-American_138,Letters-from-an-American,138,,File is not a valid audio file for falcon
Letters-from-an-American_137,Letters-from-an-American,137,,File is not a valid audio file for falcon
Letters-from-an-American_136,Letters-from-an-American,136,,File is not a valid audio file for falcon
Letters-from-an-American_135,Letters-from-an-American,135,,File is not a valid audio file for falcon
Letters-from-an-American_134,Letters-from-an-American,134,,File is not a valid audio file for falcon
Letters-from-an-American_133,Letters-from-an-American,133,,File is not a valid audio file for falcon
Letters-from-an-American_132,Letters-from-an-American,132,,File is not a valid audio file for falcon
Letters-from-an-American_131,Letters-from-an-American,131,,File is not a valid audio file for falcon
Letters-from-an-American_130,Letters-from-an-American,130,,File is not a valid audio file for falcon
Letters-from-an-American_129,Letters-from-an-American,129,,File is not a valid audio file for falcon
Letters-from-an-American_128,Letters-from-an-American,128,,File is not a valid audio file for falcon
Letters-from-an-American_127,Letters-from-an-American,127,,File is not a valid audio file for falcon
Letters-from-an-American_126,Letters-from-an-American,126,,File is not a valid audio file for falcon
Letters-from-an-American_125,Letters-from-an-American,125,,File is not a valid audio file for falcon
Letters-from-an-American_124,Letters-from-an-American,124,,File is not a valid audio file for falcon
Letters-from-an-American_123,Letters-from-an-American,123,,File is not a valid audio file for falcon
Letters-from-an-American_122,Letters-from-an-American,122,,File is not a valid audio file for falcon
Letters-from-an-American_121,Letters-from-an-American,121,,File is not a valid audio file for falcon
Letters-from-an-American_119,Letters-from-an-American,119,,File is not a valid audio file for falcon
Letters-from-an-American_118,Letters-from-an-American,118,,File is not a valid audio file for falcon
Letters-from-an-American_117,Letters-from-an-American,117,,File is not a valid audio file for falcon
Letters-from-an-American_116,Letters-from-an-American,116,,File is not a valid audio file for falcon
Letters-from-an-American_115,Letters-from-an-American,115,,File is not a valid audio file for falcon
Letters-from-an-American_114,Letters-from-an-American,114,,File is not a valid audio file for falcon
Letters-from-an-American_113,Letters-from-an-American,113,,File is not a valid audio file for falcon
Letters-from-an-American_112,Letters-from-an-American,112,,File is not a valid audio file for falcon
Letters-from-an-American_111,Letters-from-an-American,111,,File is not a valid audio file for falcon
Letters-from-an-American_110,Letters-from-an-American,110,,File is not a valid audio file for falcon
Letters-from-an-American_109,Letters-from-an-American,109,,File is not a valid audio file for falcon
Letters-from-an-American_108,Letters-from-an-American,108,,File is not a valid audio file for falcon
Letters-from-an-American_107,Letters-from-an-American,107,,File is not a valid audio file for falcon
Letters-from-an-American_106,Letters-from-an-American,106,,File is not a valid audio file for falcon
Letters-from-an-American_105,Letters-from-an-American,105,,File is not a valid audio file for falcon
Letters-from-an-American_104,Letters-from-an-American,104,,File is not a valid audio file for falcon
Letters-from-an-American_103,Letters-from-an-American,103,,File is not a valid audio file for falcon
Letters-from-an-American_102,Letters-from-an-American,102,,File is not a valid audio file for falcon
Letters-from-an-American_101,Letters-from-an-American,101,,File is not a valid audio file for falcon
Letters-from-an-American_100,Letters-from-an-American,100,,File is not a valid audio file for falcon
Letters-from-an-American_99,Letters-from-an-American,99,,File is not a valid audio file for falcon
Letters-from-an-American_98,Letters-from-an-American,98,,File is not a valid audio file for falcon
Letters-from-an-American_97,Letters-from-an-American,97,,File is not a valid audio file for falcon
Letters-from-an-American_96,Letters-from-an-American,96,,File is not a valid audio file for falcon
Letters-from-an-American_95,Letters-from-an-American,95,,File is not a valid audio file for falcon
Letters-from-an-American_94,Letters-from-an-American,94,,File is not a valid audio file for falcon
Letters-from-an-American_93,Letters-from-an-American,93,,File is not a valid audio file for falcon
Letters-from-an-American_92,Letters-from-an-American,92,,File is not a valid audio file for falcon
Letters-from-an-American_91,Letters-from-an-American,91,,File is not a valid audio file for falcon
Letters-from-an-American_90,Letters-from-an-American,90,,File is not a valid audio file for falcon
Letters-from-an-American_89,Letters-from-an-American,89,,File is not a valid audio file for falcon
Letters-from-an-American_88,Letters-from-an-American,88,,File is not a valid audio file for falcon
Letters-from-an-American_87,Letters-from-an-American,87,,File is not a valid audio file for falcon
Letters-from-an-American_86,Letters-from-an-American,86,,File is not a valid audio file for falcon
Letters-from-an-American_85,Letters-from-an-American,85,,File is not a valid audio file for falcon
Letters-from-an-American_84,Letters-from-an-American,84,,File is not a valid audio file for falcon
Letters-from-an-American_83,Letters-from-an-American,83,,File is not a valid audio file for falcon
Letters-from-an-American_82,Letters-from-an-American,82,,File is not a valid audio file for falcon
Letters-from-an-American_80,Letters-from-an-American,80,,File is not a valid audio file for falcon
Letters-from-an-American_79,Letters-from-an-American,79,,File is not a valid audio file for falcon
Letters-from-an-American_78,Letters-from-an-American,78,,File is not a valid audio file for falcon
Letters-from-an-American_77,Letters-from-an-American,77,,File is not a valid audio file for falcon
Letters-from-an-American_76,Letters-from-an-American,76,,File is not a valid audio file for falcon
Letters-from-an-American_75,Letters-from-an-American,75,,File is not a valid audio file for falcon
Letters-from-an-American_74,Letters-from-an-American,74,,File is not a valid audio file for falcon
Letters-from-an-American_73,Letters-from-an-American,73,,File is not a valid audio file for falcon
Letters-from-an-American_72,Letters-from-an-American,72,,File is not a valid audio file for falcon
Letters-from-an-American_71,Letters-from-an-American,71,,File is not a valid audio file for falcon
Letters-from-an-American_70,Letters-from-an-American,70,,File is not a valid audio file for falcon
Letters-from-an-American_69,Letters-from-an-American,69,,File is not a valid audio file for falcon
Letters-from-an-American_68,Letters-from-an-American,68,,File is not a valid audio file for falcon
Letters-from-an-American_67,Letters-from-an-American,67,,File is not a valid audio file for falcon
Letters-from-an-American_66,Letters-from-an-American,66,,File is not a valid audio file for falcon
Letters-from-an-American_65,Letters-from-an-American,65,,File is not a valid audio file for falcon
Letters-from-an-American_64,Letters-from-an-American,64,,File is not a valid audio file for falcon
Letters-from-an-American_63,Letters-from-an-American,63,,File is not a valid audio file for falcon
Letters-from-an-American_62,Letters-from-an-American,62,,File is not a valid audio file for falcon
Letters-from-an-American_61,Letters-from-an-American,61,,File is not a valid audio file for falcon
Letters-from-an-American_60,Letters-from-an-American,60,,File is not a valid audio file for falcon
Letters-from-an-American_59,Letters-from-an-American,59,,File is not a valid audio file for falcon
Letters-from-an-American_58,Letters-from-an-American,58,,File is not a valid audio file for falcon
Letters-from-an-American_57,Letters-from-an-American,57,,File is not a valid audio file for falcon
Letters-from-an-American_56,Letters-from-an-American,56,,File is not a valid audio file for falcon
Letters-from-an-American_55,Letters-from-an-American,55,,File is not a valid audio file for falcon
Letters-from-an-American_54,Letters-from-an-American,54,,File is not a valid audio file for falcon
Letters-from-an-American_53,Letters-from-an-American,53,,File is not a valid audio file for falcon
Letters-from-an-American_52,Letters-from-an-American,52,,File is not a valid audio file for falcon
Letters-from-an-American_51,Letters-from-an-American,51,,File is not a valid audio file for falcon
Letters-from-an-American_50,Letters-from-an-American,50,,File is not a valid audio file for falcon
Letters-from-an-American_49,Letters-from-an-American,49,,File is not a valid audio file for falcon
Letters-from-an-American_48,Letters-from-an-American,48,,File is not a valid audio file for falcon
Letters-from-an-American_47,Letters-from-an-American,47,,File is not a valid audio file for falcon
Letters-from-an-American_46,Letters-from-an-American,46,,File is not a valid audio file for falcon
Letters-from-an-American_45,Letters-from-an-American,45,,File is not a valid audio file for falcon
Letters-from-an-American_44,Letters-from-an-American,44,,File is not a valid audio file for falcon
Letters-from-an-American_43,Letters-from-an-American,43,,File is not a valid audio file for falcon
Letters-from-an-American_42,Letters-from-an-American,42,,File is not a valid audio file for falcon
Letters-from-an-American_41,Letters-from-an-American,41,,File is not a valid audio file for falcon
Letters-from-an-American_40,Letters-from-an-American,40,,File is not a valid audio file for falcon
Letters-from-an-American_39,Letters-from-an-American,39,,File is not a valid audio file for falcon
Letters-from-an-American_38,Letters-from-an-American,38,,File is not a valid audio file for falcon
Letters-from-an-American_37,Letters-from-an-American,37,,File is not a valid audio file for falcon
Letters-from-an-American_36,Letters-from-an-American,36,,File is not a valid audio file for falcon
Letters-from-an-American_35,Letters-from-an-American,35,,File is not a valid audio file for falcon
Letters-from-an-American_34,Letters-from-an-American,34,,File is not a valid audio file for falcon
Letters-from-an-American_33,Letters-from-an-American,33,,File is not a valid audio file for falcon
Letters-from-an-American_31,Letters-from-an-American,31,,File is not a valid audio file for falcon
Letters-from-an-American_30,Letters-from-an-American,30,,File is not a valid audio file for falcon
Letters-from-an-American_29,Letters-from-an-American,29,,File is not a valid audio file for falcon
Letters-from-an-American_28,Letters-from-an-American,28,,File is not a valid audio file for falcon
Letters-from-an-American_27,Letters-from-an-American,27,,File is not a valid audio file for falcon
Letters-from-an-American_26,Letters-from-an-American,26,,File is not a valid audio file for falcon
Letters-from-an-American_25,Letters-from-an-American,25,,File is not a valid audio file for falcon
Letters-from-an-American_24,Letters-from-an-American,24,,File is not a valid audio file for falcon
Letters-from-an-American_23,Letters-from-an-American,23,,File is not a valid audio file for falcon
Letters-from-an-American_22,Letters-from-an-American,22,,File is not a valid audio file for falcon
Letters-from-an-American_21,Letters-from-an-American,21,,File is not a valid audio file for falcon
Letters-from-an-American_20,Letters-from-an-American,20,,File is not a valid audio file for falcon
Letters-from-an-American_19,Letters-from-an-American,19,,File is not a valid audio file for falcon
Letters-from-an-American_18,Letters-from-an-American,18,,File is not a valid audio file for falcon
Letters-from-an-American_17,Letters-from-an-American,17,,File is not a valid audio file for falcon
Letters-from-an-American_16,Letters-from-an-American,16,,File is not a valid audio file for falcon
Letters-from-an-American_15,Letters-from-an-American,15,,File is not a valid audio file for falcon
Letters-from-an-American_14,Letters-from-an-American,14,,File is not a valid audio file for falcon
Letters-from-an-American_13,Letters-from-an-American,13,,File is not a valid audio file for falcon
Letters-from-an-American_12,Letters-from-an-American,12,,File is not a valid audio file for falcon
Letters-from-an-American_11,Letters-from-an-American,11,,File is not a valid audio file for falcon
Letters-from-an-American_10,Letters-from-an-American,10,,File is not a valid audio file for falcon
Letters-from-an-American_9,Letters-from-an-American,9,,File is not a valid audio file for falcon
Letters-from-an-American_8,Letters-from-an-American,8,,File is not a valid audio file for falcon
Letters-from-an-American_7,Letters-from-an-American,7,,File is not a valid audio file for falcon
Letters-from-an-American_6,Letters-from-an-American,6,,File is not a valid audio file for falcon
Letters-from-an-American_5,Letters-from-an-American,5,,File is not a valid audio file for falcon
Letters-from-an-American_4,Letters-from-an-American,4,,File is not a valid audio file for falcon
Letters-from-an-American_3,Letters-from-an-American,3,,File is not a valid audio file for falcon
Letters-from-an-American_2,Letters-from-an-American,2,,File is not a valid audio file for falcon
Letters-from-an-American_1,Letters-from-an-American,1,,File is not a valid audio file for falcon
The-MeidasTouch-Podcast_933,The-MeidasTouch-Podcast,933,,File is not a valid audio file for falcon
The-Clay-Travis-and-Buck-Sexton-Show_7155,The-Clay-Travis-and-Buck-Sexton-Show,7155,,File is not a valid audio file for falcon
The-Clay-Travis-and-Buck-Sexton-Show_7154,The-Clay-Travis-and-Buck-Sexton-Show,7154,,File is not a valid audio file for falcon
The-Clay-Travis-and-Buck-Sexton-Show_4732,The-Clay-Travis-and-Buck-Sexton-Show,4732,,File is not a valid audio file for falcon
The-Clay-Travis-and-Buck-Sexton-Show_1057,The-Clay-Travis-and-Buck-Sexton-Show,1057,,File is not a valid audio file for falcon
Inside-Geneva_133,Inside-Geneva,133,,File is not a valid audio file for falcon
Inside-Geneva_132,Inside-Geneva,132,,File is not a valid audio file for falcon
Inside-Geneva_131,Inside-Geneva,131,,File is not a valid audio file for falcon
Inside-Geneva_130,Inside-Geneva,130,,File is not a valid audio file for falcon
Inside-Geneva_129,Inside-Geneva,129,,File is not a valid audio file for falcon
Inside-Geneva_128,Inside-Geneva,128,,File is not a valid audio file for falcon
Inside-Geneva_127,Inside-Geneva,127,,File is not a valid audio file for falcon
Inside-Geneva_126,Inside-Geneva,126,,File is not a valid audio file for falcon
Inside-Geneva_125,Inside-Geneva,125,,File is not a valid audio file for falcon
Inside-Geneva_124,Inside-Geneva,124,,File is not a valid audio file for falcon
Inside-Geneva_123,Inside-Geneva,123,,File is not a valid audio file for falcon
Inside-Geneva_122,Inside-Geneva,122,,File is not a valid audio file for falcon
Inside-Geneva_121,Inside-Geneva,121,,File is not a valid audio file for falcon
Inside-Geneva_120,Inside-Geneva,120,,File is not a valid audio file for falcon
Inside-Geneva_119,Inside-Geneva,119,,File is not a valid audio file for falcon
Inside-Geneva_118,Inside-Geneva,118,,File is not a valid audio file for falcon
Inside-Geneva_117,Inside-Geneva,117,,File is not a valid audio file for falcon
Inside-Geneva_116,Inside-Geneva,116,,File is not a valid audio file for falcon
Inside-Geneva_115,Inside-Geneva,115,,File is not a valid audio file for falcon
Inside-Geneva_114,Inside-Geneva,114,,File is not a valid audio file for falcon
Inside-Geneva_113,Inside-Geneva,113,,File is not a valid audio file for falcon
Inside-Geneva_112,Inside-Geneva,112,,File is not a valid audio file for falcon
Inside-Geneva_111,Inside-Geneva,111,,File is not a valid audio file for falcon
Inside-Geneva_110,Inside-Geneva,110,,File is not a valid audio file for falcon
Inside-Geneva_109,Inside-Geneva,109,,File is not a valid audio file for falcon
Inside-Geneva_108,Inside-Geneva,108,,File is not a valid audio file for falcon
Inside-Geneva_107,Inside-Geneva,107,,File is not a valid audio file for falcon
Inside-Geneva_106,Inside-Geneva,106,,File is not a valid audio file for falcon
Inside-Geneva_105,Inside-Geneva,105,,File is not a valid audio file for falcon
Inside-Geneva_104,Inside-Geneva,104,,File is not a valid audio file for falcon
Inside-Geneva_103,Inside-Geneva,103,,File is not a valid audio file for falcon
Inside-Geneva_102,Inside-Geneva,102,,File is not a valid audio file for falcon
Inside-Geneva_101,Inside-Geneva,101,,File is not a valid audio file for falcon
Inside-Geneva_100,Inside-Geneva,100,,File is not a valid audio file for falcon
Inside-Geneva_99,Inside-Geneva,99,,File is not a valid audio file for falcon
Inside-Geneva_98,Inside-Geneva,98,,File is not a valid audio file for falcon
Inside-Geneva_97,Inside-Geneva,97,,File is not a valid audio file for falcon
Inside-Geneva_96,Inside-Geneva,96,,File is not a valid audio file for falcon
Inside-Geneva_95,Inside-Geneva,95,,File is not a valid audio file for falcon
Inside-Geneva_94,Inside-Geneva,94,,File is not a valid audio file for falcon
Inside-Geneva_93,Inside-Geneva,93,,File is not a valid audio file for falcon
Inside-Geneva_92,Inside-Geneva,92,,File is not a valid audio file for falcon
Inside-Geneva_91,Inside-Geneva,91,,File is not a valid audio file for falcon
Inside-Geneva_90,Inside-Geneva,90,,File is not a valid audio file for falcon
Inside-Geneva_89,Inside-Geneva,89,,File is not a valid audio file for falcon
Inside-Geneva_88,Inside-Geneva,88,,File is not a valid audio file for falcon
Inside-Geneva_87,Inside-Geneva,87,,File is not a valid audio file for falcon
Inside-Geneva_86,Inside-Geneva,86,,File is not a valid audio file for falcon
Inside-Geneva_85,Inside-Geneva,85,,File is not a valid audio file for falcon
Inside-Geneva_84,Inside-Geneva,84,,File is not a valid audio file for falcon
Inside-Geneva_83,Inside-Geneva,83,,File is not a valid audio file for falcon
Inside-Geneva_82,Inside-Geneva,82,,File is not a valid audio file for falcon
Inside-Geneva_81,Inside-Geneva,81,,File is not a valid audio file for falcon
Inside-Geneva_80,Inside-Geneva,80,,File is not a valid audio file for falcon
Inside-Geneva_79,Inside-Geneva,79,,File is not a valid audio file for falcon
Inside-Geneva_78,Inside-Geneva,78,,File is not a valid audio file for falcon
Inside-Geneva_77,Inside-Geneva,77,,File is not a valid audio file for falcon
Inside-Geneva_76,Inside-Geneva,76,,File is not a valid audio file for falcon
Inside-Geneva_75,Inside-Geneva,75,,File is not a valid audio file for falcon
Inside-Geneva_74,Inside-Geneva,74,,File is not a valid audio file for falcon
Inside-Geneva_73,Inside-Geneva,73,,File is not a valid audio file for falcon
Inside-Geneva_72,Inside-Geneva,72,,File is not a valid audio file for falcon
Inside-Geneva_71,Inside-Geneva,71,,File is not a valid audio file for falcon
Inside-Geneva_70,Inside-Geneva,70,,File is not a valid audio file for falcon
Inside-Geneva_69,Inside-Geneva,69,,File is not a valid audio file for falcon
Inside-Geneva_68,Inside-Geneva,68,,File is not a valid audio file for falcon
Inside-Geneva_67,Inside-Geneva,67,,File is not a valid audio file for falcon
Inside-Geneva_66,Inside-Geneva,66,,File is not a valid audio file for falcon
Inside-Geneva_65,Inside-Geneva,65,,File is not a valid audio file for falcon
Inside-Geneva_64,Inside-Geneva,64,,File is not a valid audio file for falcon
Inside-Geneva_63,Inside-Geneva,63,,File is not a valid audio file for falcon
Inside-Geneva_62,Inside-Geneva,62,,File is not a valid audio file for falcon
Inside-Geneva_61,Inside-Geneva,61,,File is not a valid audio file for falcon
Inside-Geneva_60,Inside-Geneva,60,,File is not a valid audio file for falcon
Inside-Geneva_59,Inside-Geneva,59,,File is not a valid audio file for falcon
Inside-Geneva_58,Inside-Geneva,58,,File is not a valid audio file for falcon
Inside-Geneva_57,Inside-Geneva,57,,File is not a valid audio file for falcon
Inside-Geneva_56,Inside-Geneva,56,,File is not a valid audio file for falcon
Inside-Geneva_55,Inside-Geneva,55,,File is not a valid audio file for falcon
Inside-Geneva_54,Inside-Geneva,54,,File is not a valid audio file for falcon
Inside-Geneva_53,Inside-Geneva,53,,File is not a valid audio file for falcon
Inside-Geneva_52,Inside-Geneva,52,,File is not a valid audio file for falcon
Inside-Geneva_51,Inside-Geneva,51,,File is not a valid audio file for falcon
Inside-Geneva_50,Inside-Geneva,50,,File is not a valid audio file for falcon
Inside-Geneva_49,Inside-Geneva,49,,File is not a valid audio file for falcon
Inside-Geneva_48,Inside-Geneva,48,,File is not a valid audio file for falcon
Inside-Geneva_47,Inside-Geneva,47,,File is not a valid audio file for falcon
Inside-Geneva_46,Inside-Geneva,46,,File is not a valid audio file for falcon
Inside-Geneva_45,Inside-Geneva,45,,File is not a valid audio file for falcon
Inside-Geneva_44,Inside-Geneva,44,,File is not a valid audio file for falcon
Inside-Geneva_43,Inside-Geneva,43,,File is not a valid audio file for falcon
Inside-Geneva_42,Inside-Geneva,42,,File is not a valid audio file for falcon
Inside-Geneva_41,Inside-Geneva,41,,File is not a valid audio file for falcon
Inside-Geneva_40,Inside-Geneva,40,,File is not a valid audio file for falcon
Inside-Geneva_39,Inside-Geneva,39,,File is not a valid audio file for falcon
Inside-Geneva_38,Inside-Geneva,38,,File is not a valid audio file for falcon
Inside-Geneva_37,Inside-Geneva,37,,File is not a valid audio file for falcon
Inside-Geneva_36,Inside-Geneva,36,,File is not a valid audio file for falcon
Inside-Geneva_35,Inside-Geneva,35,,File is not a valid audio file for falcon
Inside-Geneva_34,Inside-Geneva,34,,File is not a valid audio file for falcon
Inside-Geneva_33,Inside-Geneva,33,,File is not a valid audio file for falcon
Inside-Geneva_32,Inside-Geneva,32,,File is not a valid audio file for falcon
Inside-Geneva_31,Inside-Geneva,31,,File is not a valid audio file for falcon
Inside-Geneva_30,Inside-Geneva,30,,File is not a valid audio file for falcon
Inside-Geneva_29,Inside-Geneva,29,,File is not a valid audio file for falcon
Inside-Geneva_28,Inside-Geneva,28,,File is not a valid audio file for falcon
Inside-Geneva_27,Inside-Geneva,27,,File is not a valid audio file for falcon
Inside-Geneva_26,Inside-Geneva,26,,File is not a valid audio file for falcon
Inside-Geneva_25,Inside-Geneva,25,,File is not a valid audio file for falcon
Inside-Geneva_24,Inside-Geneva,24,,File is not a valid audio file for falcon
Inside-Geneva_23,Inside-Geneva,23,,File is not a valid audio file for falcon
Inside-Geneva_22,Inside-Geneva,22,,File is not a valid audio file for falcon
Inside-Geneva_21,Inside-Geneva,21,,File is not a valid audio file for falcon
Inside-Geneva_20,Inside-Geneva,20,,File is not a valid audio file for falcon
Inside-Geneva_19,Inside-Geneva,19,,File is not a valid audio file for falcon
Inside-Geneva_18,Inside-Geneva,18,,File is not a valid audio file for falcon
Inside-Geneva_17,Inside-Geneva,17,,File is not a valid audio file for falcon
Inside-Geneva_16,Inside-Geneva,16,,File is not a valid audio file for falcon
Inside-Geneva_15,Inside-Geneva,15,,File is not a valid audio file for falcon
Inside-Geneva_14,Inside-Geneva,14,,File is not a valid audio file for falcon
Inside-Geneva_13,Inside-Geneva,13,,File is not a valid audio file for falcon
Inside-Geneva_12,Inside-Geneva,12,,File is not a valid audio file for falcon
Inside-Geneva_11,Inside-Geneva,11,,File is not a valid audio file for falcon
Inside-Geneva_10,Inside-Geneva,10,,File is not a valid audio file for falcon
Inside-Geneva_9,Inside-Geneva,9,,File is not a valid audio file for falcon
Inside-Geneva_8,Inside-Geneva,8,,File is not a valid audio file for falcon
Inside-Geneva_7,Inside-Geneva,7,,File is not a valid audio file for falcon
Inside-Geneva_6,Inside-Geneva,6,,File is not a valid audio file for falcon
Inside-Geneva_5,Inside-Geneva,5,,File is not a valid audio file for falcon
Inside-Geneva_4,Inside-Geneva,4,,File is not a valid audio file for falcon
Inside-Geneva_3,Inside-Geneva,3,,File is not a valid audio file for falcon
Inside-Geneva_2,Inside-Geneva,2,,File is not a valid audio file for falcon
Inside-Geneva_1,Inside-Geneva,1,,File is not a valid audio file for falcon
Pod-Save-the-World_274,Pod-Save-the-World,274,"Wed, 6 Apr 2022 07:01:00 +0000",Audio file doesn't exists
Pod-Save-the-World_273,Pod-Save-the-World,273,"Wed, 30 Mar 2022 07:01:00 +0000",Audio file doesn't exists
Pod-Save-the-World_272,Pod-Save-the-World,272,"Wed, 23 Mar 2022 07:01:00 +0000",Audio file doesn't exists
Pod-Save-the-World_271,Pod-Save-the-World,271,"Fri, 18 Mar 2022 17:15:00 +0000",Audio file doesn't exists
Pod-Save-the-World_270,Pod-Save-the-World,270,"Fri, 18 Mar 2022 06:07:40 +0000",Audio file doesn't exists
Pod-Save-the-World_269,Pod-Save-the-World,269,"Wed, 9 Mar 2022 08:01:00 +0000",Audio file doesn't exists
Pod-Save-the-World_268,Pod-Save-the-World,268,"Sat, 5 Mar 2022 00:19:57 +0000",Audio file doesn't exists
Pod-Save-the-World_267,Pod-Save-the-World,267,"Wed, 2 Mar 2022 08:01:00 +0000",Audio file doesn't exists
Pod-Save-the-World_266,Pod-Save-the-World,266,"Sat, 26 Feb 2022 02:02:48 +0000",Audio file doesn't exists
Pod-Save-the-World_265,Pod-Save-the-World,265,"Wed, 23 Feb 2022 08:01:00 +0000",Audio file doesn't exists
Pod-Save-the-World_264,Pod-Save-the-World,264,"Sat, 19 Feb 2022 20:00:00 +0000",Audio file doesn't exists
Pod-Save-the-World_263,Pod-Save-the-World,263,"Wed, 16 Feb 2022 08:01:00 +0000",Audio file doesn't exists
Pod-Save-the-World_262,Pod-Save-the-World,262,"Wed, 9 Feb 2022 08:01:00 +0000",Audio file doesn't exists
Pod-Save-the-World_261,Pod-Save-the-World,261,"Wed, 2 Feb 2022 08:01:00 +0000",Audio file doesn't exists
Pod-Save-the-World_260,Pod-Save-the-World,260,"Wed, 26 Jan 2022 08:01:00 +0000",Audio file doesn't exists
Pod-Save-the-World_259,Pod-Save-the-World,259,"Mon, 24 Jan 2022 17:00:00 +0000",Audio file doesn't exists
Pod-Save-the-World_258,Pod-Save-the-World,258,"Wed, 19 Jan 2022 08:01:00 +0000",Audio file doesn't exists
Pod-Save-the-World_257,Pod-Save-the-World,257,"Wed, 12 Jan 2022 08:01:00 +0000",Audio file doesn't exists
Pod-Save-the-World_256,Pod-Save-the-World,256,"Wed, 5 Jan 2022 08:01:00 +0000",Audio file doesn't exists
Pod-Save-the-World_255,Pod-Save-the-World,255,"Wed, 29 Dec 2021 08:01:00 +0000",Audio file doesn't exists
Pod-Save-the-World_254,Pod-Save-the-World,254,"Wed, 15 Dec 2021 08:01:00 +0000",Audio file doesn't exists
Pod-Save-the-World_253,Pod-Save-the-World,253,"Wed, 8 Dec 2021 08:01:00 +0000",Audio file doesn't exists
Pod-Save-the-World_252,Pod-Save-the-World,252,"Wed, 1 Dec 2021 08:01:00 +0000",Audio file doesn't exists
Pod-Save-the-World_251,Pod-Save-the-World,251,"Wed, 24 Nov 2021 08:01:00 +0000",Audio file doesn't exists
Pod-Save-the-World_250,Pod-Save-the-World,250,"Wed, 17 Nov 2021 08:01:00 +0000",Audio file doesn't exists
Pod-Save-the-World_249,Pod-Save-the-World,249,"Wed, 10 Nov 2021 08:01:00 +0000",Audio file doesn't exists
Pod-Save-the-World_248,Pod-Save-the-World,248,"Wed, 3 Nov 2021 07:02:00 +0000",Audio file doesn't exists
Pod-Save-the-World_247,Pod-Save-the-World,247,"Wed, 27 Oct 2021 04:00:00 +0000",Audio file doesn't exists
Pod-Save-the-World_246,Pod-Save-the-World,246,"Wed, 20 Oct 2021 07:00:00 +0000",Audio file doesn't exists
Pod-Save-the-World_245,Pod-Save-the-World,245,"Wed, 13 Oct 2021 07:00:00 +0000",Audio file doesn't exists
Pod-Save-the-World_244,Pod-Save-the-World,244,"Wed, 6 Oct 2021 07:00:00 +0000",Audio file doesn't exists
Pod-Save-the-World_243,Pod-Save-the-World,243,"Wed, 29 Sep 2021 07:00:00 +0000",Audio file doesn't exists
Pod-Save-the-World_242,Pod-Save-the-World,242,"Wed, 22 Sep 2021 07:00:00 +0000",Audio file doesn't exists
Pod-Save-the-World_241,Pod-Save-the-World,241,"Wed, 15 Sep 2021 07:00:00 +0000",Audio file doesn't exists
Pod-Save-the-World_240,Pod-Save-the-World,240,"Wed, 8 Sep 2021 07:00:00 +0000",Audio file doesn't exists
Pod-Save-the-World_239,Pod-Save-the-World,239,"Wed, 1 Sep 2021 07:00:00 +0000",Audio file doesn't exists
Pod-Save-the-World_238,Pod-Save-the-World,238,"Wed, 25 Aug 2021 07:00:00 +0000",Audio file doesn't exists
Pod-Save-the-World_237,Pod-Save-the-World,237,"Wed, 18 Aug 2021 07:00:00 +0000",Audio file doesn't exists
Pod-Save-the-World_236,Pod-Save-the-World,236,"Wed, 11 Aug 2021 07:01:00 +0000",Audio file doesn't exists
Pod-Save-the-World_235,Pod-Save-the-World,235,"Wed, 4 Aug 2021 07:01:00 +0000",Audio file doesn't exists
Pod-Save-the-World_234,Pod-Save-the-World,234,"Wed, 28 Jul 2021 07:01:00 +0000",Audio file doesn't exists
Pod-Save-the-World_233,Pod-Save-the-World,233,"Wed, 21 Jul 2021 07:01:00 +0000",Audio file doesn't exists
Pod-Save-the-World_232,Pod-Save-the-World,232,"Wed, 14 Jul 2021 07:01:00 +0000",Audio file doesn't exists
Pod-Save-the-World_231,Pod-Save-the-World,231,"Wed, 7 Jul 2021 07:01:00 +0000",Audio file doesn't exists
Pod-Save-the-World_230,Pod-Save-the-World,230,"Wed, 30 Jun 2021 07:01:00 +0000",Audio file doesn't exists
Pod-Save-the-World_229,Pod-Save-the-World,229,"Wed, 23 Jun 2021 07:01:00 +0000",Audio file doesn't exists
Pod-Save-the-World_228,Pod-Save-the-World,228,"Wed, 16 Jun 2021 07:01:00 +0000",Audio file doesn't exists
Pod-Save-the-World_227,Pod-Save-the-World,227,"Wed, 9 Jun 2021 07:01:00 +0000",Audio file doesn't exists
Pod-Save-the-World_226,Pod-Save-the-World,226,"Wed, 2 Jun 2021 07:01:00 +0000",Audio file doesn't exists
Pod-Save-the-World_225,Pod-Save-the-World,225,"Wed, 26 May 2021 07:01:00 +0000",Audio file doesn't exists
Pod-Save-the-World_224,Pod-Save-the-World,224,"Wed, 19 May 2021 07:01:00 +0000",Audio file doesn't exists
Pod-Save-the-World_223,Pod-Save-the-World,223,"Wed, 12 May 2021 07:01:00 +0000",Audio file doesn't exists
Pod-Save-the-World_222,Pod-Save-the-World,222,"Wed, 5 May 2021 07:01:00 +0000",Audio file doesn't exists
Pod-Save-the-World_221,Pod-Save-the-World,221,"Wed, 28 Apr 2021 07:01:00 +0000",Audio file doesn't exists
Pod-Save-the-World_220,Pod-Save-the-World,220,"Wed, 21 Apr 2021 07:01:00 +0000",Audio file doesn't exists
Pod-Save-the-World_219,Pod-Save-the-World,219,"Wed, 14 Apr 2021 07:01:00 +0000",Audio file doesn't exists
Pod-Save-the-World_218,Pod-Save-the-World,218,"Wed, 7 Apr 2021 07:01:00 +0000",Audio file doesn't exists
Pod-Save-the-World_217,Pod-Save-the-World,217,"Wed, 31 Mar 2021 07:01:00 +0000",Audio file doesn't exists
Pod-Save-the-World_216,Pod-Save-the-World,216,"Wed, 24 Mar 2021 07:01:00 +0000",Audio file doesn't exists
Pod-Save-the-World_215,Pod-Save-the-World,215,"Wed, 17 Mar 2021 07:01:00 +0000",Audio file doesn't exists
Pod-Save-the-World_214,Pod-Save-the-World,214,"Wed, 10 Mar 2021 08:01:00 +0000",Audio file doesn't exists
Pod-Save-the-World_213,Pod-Save-the-World,213,"Wed, 3 Mar 2021 08:01:00 +0000",Audio file doesn't exists
Pod-Save-the-World_212,Pod-Save-the-World,212,"Wed, 24 Feb 2021 08:01:00 +0000",Audio file doesn't exists
Pod-Save-the-World_211,Pod-Save-the-World,211,"Wed, 17 Feb 2021 08:01:00 +0000",Audio file doesn't exists
Pod-Save-the-World_210,Pod-Save-the-World,210,"Wed, 10 Feb 2021 08:01:00 +0000",Audio file doesn't exists
Pod-Save-the-World_209,Pod-Save-the-World,209,"Wed, 3 Feb 2021 08:01:00 +0000",Audio file doesn't exists
Pod-Save-the-World_208,Pod-Save-the-World,208,"Wed, 27 Jan 2021 08:01:00 +0000",Audio file doesn't exists
Pod-Save-the-World_207,Pod-Save-the-World,207,"Wed, 20 Jan 2021 08:01:00 +0000",Audio file doesn't exists
Pod-Save-the-World_206,Pod-Save-the-World,206,"Wed, 13 Jan 2021 08:01:00 +0000",Audio file doesn't exists
Pod-Save-the-World_205,Pod-Save-the-World,205,"Wed, 6 Jan 2021 08:01:00 +0000",Audio file doesn't exists
Pod-Save-the-World_204,Pod-Save-the-World,204,"Wed, 16 Dec 2020 08:01:00 +0000",Audio file doesn't exists
Pod-Save-the-World_203,Pod-Save-the-World,203,"Wed, 9 Dec 2020 08:01:00 +0000",Audio file doesn't exists
Pod-Save-the-World_202,Pod-Save-the-World,202,"Wed, 2 Dec 2020 08:02:00 +0000",Audio file doesn't exists
Pod-Save-the-World_201,Pod-Save-the-World,201,"Wed, 25 Nov 2020 08:02:00 +0000",Audio file doesn't exists
Pod-Save-the-World_200,Pod-Save-the-World,200,"Wed, 18 Nov 2020 08:02:00 +0000",Audio file doesn't exists
Pod-Save-the-World_199,Pod-Save-the-World,199,"Wed, 11 Nov 2020 08:01:00 +0000",Audio file doesn't exists
Pod-Save-the-World_198,Pod-Save-the-World,198,"Wed, 4 Nov 2020 08:01:00 +0000",Audio file doesn't exists
Pod-Save-the-World_197,Pod-Save-the-World,197,"Wed, 28 Oct 2020 07:03:00 +0000",Audio file doesn't exists
Pod-Save-the-World_196,Pod-Save-the-World,196,"Wed, 21 Oct 2020 07:03:00 +0000",Audio file doesn't exists
Pod-Save-the-World_195,Pod-Save-the-World,195,"Wed, 14 Oct 2020 07:01:00 +0000",Audio file doesn't exists
Pod-Save-the-World_194,Pod-Save-the-World,194,"Wed, 7 Oct 2020 07:01:00 +0000",Audio file doesn't exists
Pod-Save-the-World_193,Pod-Save-the-World,193,"Wed, 30 Sep 2020 07:01:00 +0000",Audio file doesn't exists
Pod-Save-the-World_192,Pod-Save-the-World,192,"Wed, 23 Sep 2020 07:01:00 +0000",Audio file doesn't exists
Pod-Save-the-World_191,Pod-Save-the-World,191,"Wed, 16 Sep 2020 07:01:00 +0000",Audio file doesn't exists
Pod-Save-the-World_190,Pod-Save-the-World,190,"Wed, 9 Sep 2020 07:01:00 +0000",Audio file doesn't exists
Pod-Save-the-World_189,Pod-Save-the-World,189,"Wed, 2 Sep 2020 07:01:00 +0000",Audio file doesn't exists
Pod-Save-the-World_188,Pod-Save-the-World,188,"Wed, 26 Aug 2020 07:25:49 +0000",Audio file doesn't exists
Pod-Save-the-World_187,Pod-Save-the-World,187,"Wed, 19 Aug 2020 07:01:00 +0000",Audio file doesn't exists
Pod-Save-the-World_186,Pod-Save-the-World,186,"Wed, 12 Aug 2020 07:01:00 +0000",Audio file doesn't exists
Pod-Save-the-World_185,Pod-Save-the-World,185,"Wed, 5 Aug 2020 07:01:00 +0000",Audio file doesn't exists
Pod-Save-the-World_184,Pod-Save-the-World,184,"Wed, 29 Jul 2020 07:01:00 +0000",Audio file doesn't exists
Pod-Save-the-World_183,Pod-Save-the-World,183,"Wed, 22 Jul 2020 07:01:00 +0000",Audio file doesn't exists
Pod-Save-the-World_182,Pod-Save-the-World,182,"Wed, 15 Jul 2020 07:01:00 +0000",Audio file doesn't exists
Pod-Save-the-World_181,Pod-Save-the-World,181,"Wed, 8 Jul 2020 07:01:00 +0000",Audio file doesn't exists
Pod-Save-the-World_180,Pod-Save-the-World,180,"Wed, 1 Jul 2020 07:01:00 +0000",Audio file doesn't exists
Pod-Save-the-World_179,Pod-Save-the-World,179,"Wed, 24 Jun 2020 07:01:00 +0000",Audio file doesn't exists
Pod-Save-the-World_178,Pod-Save-the-World,178,"Wed, 17 Jun 2020 07:01:00 +0000",Audio file doesn't exists
Pod-Save-the-World_177,Pod-Save-the-World,177,"Wed, 10 Jun 2020 07:01:00 +0000",Audio file doesn't exists
Pod-Save-the-World_176,Pod-Save-the-World,176,"Wed, 3 Jun 2020 07:01:00 +0000",Audio file doesn't exists
Pod-Save-the-World_175,Pod-Save-the-World,175,"Wed, 27 May 2020 07:01:00 +0000",Audio file doesn't exists
Pod-Save-the-World_174,Pod-Save-the-World,174,"Wed, 20 May 2020 07:01:00 +0000",Audio file doesn't exists
Pod-Save-the-World_173,Pod-Save-the-World,173,"Wed, 13 May 2020 07:01:00 +0000",Audio file doesn't exists
Pod-Save-the-World_172,Pod-Save-the-World,172,"Wed, 6 May 2020 07:01:00 +0000",Audio file doesn't exists
Pod-Save-the-World_171,Pod-Save-the-World,171,"Wed, 29 Apr 2020 07:01:00 +0000",Audio file doesn't exists
Pod-Save-the-World_170,Pod-Save-the-World,170,"Wed, 22 Apr 2020 07:01:00 +0000",Audio file doesn't exists
Pod-Save-the-World_169,Pod-Save-the-World,169,"Wed, 15 Apr 2020 07:00:00 +0000",Audio file doesn't exists
Pod-Save-the-World_168,Pod-Save-the-World,168,"Wed, 8 Apr 2020 07:00:00 +0000",Audio file doesn't exists
Pod-Save-the-World_167,Pod-Save-the-World,167,"Wed, 1 Apr 2020 07:00:00 +0000",Audio file doesn't exists
Pod-Save-the-World_166,Pod-Save-the-World,166,"Wed, 25 Mar 2020 07:00:00 +0000",Audio file doesn't exists
Pod-Save-the-World_165,Pod-Save-the-World,165,"Wed, 18 Mar 2020 07:00:00 +0000",Audio file doesn't exists
Pod-Save-the-World_164,Pod-Save-the-World,164,"Wed, 11 Mar 2020 07:01:00 +0000",Audio file doesn't exists
Pod-Save-the-World_163,Pod-Save-the-World,163,"Wed, 4 Mar 2020 08:00:00 +0000",Audio file doesn't exists
Pod-Save-the-World_162,Pod-Save-the-World,162,"Wed, 26 Feb 2020 08:00:00 +0000",Audio file doesn't exists
Pod-Save-the-World_161,Pod-Save-the-World,161,"Wed, 19 Feb 2020 08:00:00 +0000",Audio file doesn't exists
Pod-Save-the-World_160,Pod-Save-the-World,160,"Wed, 12 Feb 2020 08:00:00 +0000",Audio file doesn't exists
Pod-Save-the-World_159,Pod-Save-the-World,159,"Thu, 6 Feb 2020 04:29:29 +0000",Audio file doesn't exists
Pod-Save-the-World_158,Pod-Save-the-World,158,"Wed, 29 Jan 2020 08:00:00 +0000",Audio file doesn't exists
Pod-Save-the-World_157,Pod-Save-the-World,157,"Wed, 22 Jan 2020 08:00:00 +0000",Audio file doesn't exists
Pod-Save-the-World_156,Pod-Save-the-World,156,"Wed, 15 Jan 2020 08:00:00 +0000",Audio file doesn't exists
Pod-Save-the-World_155,Pod-Save-the-World,155,"Wed, 8 Jan 2020 08:00:00 +0000",Audio file doesn't exists
Pod-Save-the-World_154,Pod-Save-the-World,154,"Fri, 3 Jan 2020 22:42:00 +0000",Audio file doesn't exists
Pod-Save-the-World_153,Pod-Save-the-World,153,"Wed, 18 Dec 2019 08:00:00 +0000",Audio file doesn't exists
Pod-Save-the-World_152,Pod-Save-the-World,152,"Wed, 11 Dec 2019 08:00:00 +0000",Audio file doesn't exists
Pod-Save-the-World_151,Pod-Save-the-World,151,"Wed, 4 Dec 2019 08:00:00 +0000",Audio file doesn't exists
Pod-Save-the-World_150,Pod-Save-the-World,150,"Wed, 27 Nov 2019 08:00:00 +0000",Audio file doesn't exists
Pod-Save-the-World_149,Pod-Save-the-World,149,"Wed, 20 Nov 2019 08:01:00 +0000",Audio file doesn't exists
Pod-Save-the-World_148,Pod-Save-the-World,148,"Wed, 13 Nov 2019 08:00:00 +0000",Audio file doesn't exists
Pod-Save-the-World_147,Pod-Save-the-World,147,"Wed, 6 Nov 2019 08:00:00 +0000",Audio file doesn't exists
Pod-Save-the-World_146,Pod-Save-the-World,146,"Fri, 1 Nov 2019 13:32:28 +0000",Audio file doesn't exists
Pod-Save-the-World_145,Pod-Save-the-World,145,"Wed, 30 Oct 2019 07:00:00 +0000",Audio file doesn't exists
Pod-Save-the-World_144,Pod-Save-the-World,144,"Wed, 23 Oct 2019 04:00:00 +0000",Audio file doesn't exists
Pod-Save-the-World_143,Pod-Save-the-World,143,"Wed, 16 Oct 2019 07:00:00 +0000",Audio file doesn't exists
Pod-Save-the-World_142,Pod-Save-the-World,142,"Wed, 9 Oct 2019 07:00:00 +0000",Audio file doesn't exists
Pod-Save-the-World_141,Pod-Save-the-World,141,"Wed, 2 Oct 2019 07:00:00 +0000",Audio file doesn't exists
Pod-Save-the-World_140,Pod-Save-the-World,140,"Wed, 25 Sep 2019 07:00:00 +0000",Audio file doesn't exists
Pod-Save-the-World_139,Pod-Save-the-World,139,"Wed, 18 Sep 2019 07:01:00 +0000",Audio file doesn't exists
Pod-Save-the-World_138,Pod-Save-the-World,138,"Wed, 11 Sep 2019 07:00:00 +0000",Audio file doesn't exists
Pod-Save-the-World_137,Pod-Save-the-World,137,"Wed, 4 Sep 2019 07:00:00 +0000",Audio file doesn't exists
Pod-Save-the-World_136,Pod-Save-the-World,136,"Wed, 28 Aug 2019 07:00:00 +0000",Audio file doesn't exists
Pod-Save-the-World_135,Pod-Save-the-World,135,"Wed, 21 Aug 2019 07:00:00 +0000",Audio file doesn't exists
Pod-Save-the-World_134,Pod-Save-the-World,134,"Wed, 14 Aug 2019 07:00:00 +0000",Audio file doesn't exists
Pod-Save-the-World_133,Pod-Save-the-World,133,"Wed, 7 Aug 2019 07:00:00 +0000",Audio file doesn't exists
Pod-Save-the-World_132,Pod-Save-the-World,132,"Wed, 31 Jul 2019 07:00:00 +0000",Audio file doesn't exists
Pod-Save-the-World_131,Pod-Save-the-World,131,"Wed, 24 Jul 2019 07:01:00 +0000",Audio file doesn't exists
Pod-Save-the-World_130,Pod-Save-the-World,130,"Wed, 17 Jul 2019 07:00:00 +0000",Audio file doesn't exists
Pod-Save-the-World_129,Pod-Save-the-World,129,"Wed, 10 Jul 2019 07:00:00 +0000",Audio file doesn't exists
Pod-Save-the-World_128,Pod-Save-the-World,128,"Wed, 3 Jul 2019 07:00:00 +0000",Audio file doesn't exists
Pod-Save-the-World_127,Pod-Save-the-World,127,"Wed, 26 Jun 2019 07:00:00 +0000",Audio file doesn't exists
Pod-Save-the-World_126,Pod-Save-the-World,126,"Wed, 19 Jun 2019 07:00:00 +0000",Audio file doesn't exists
Pod-Save-the-World_125,Pod-Save-the-World,125,"Wed, 12 Jun 2019 07:00:00 +0000",Audio file doesn't exists
Pod-Save-the-World_124,Pod-Save-the-World,124,"Wed, 5 Jun 2019 07:00:00 +0000",Audio file doesn't exists
Pod-Save-the-World_123,Pod-Save-the-World,123,"Wed, 29 May 2019 07:00:00 +0000",Audio file doesn't exists
Pod-Save-the-World_122,Pod-Save-the-World,122,"Wed, 22 May 2019 07:00:00 +0000",Audio file doesn't exists
Pod-Save-the-World_121,Pod-Save-the-World,121,"Wed, 15 May 2019 10:00:00 +0000",Audio file doesn't exists
Pod-Save-the-World_120,Pod-Save-the-World,120,"Wed, 8 May 2019 07:01:00 +0000",Audio file doesn't exists
Pod-Save-the-World_119,Pod-Save-the-World,119,"Wed, 1 May 2019 07:00:00 +0000",Audio file doesn't exists
Pod-Save-the-World_118,Pod-Save-the-World,118,"Wed, 24 Apr 2019 07:20:18 +0000",Audio file doesn't exists
Pod-Save-the-World_117,Pod-Save-the-World,117,"Wed, 17 Apr 2019 07:01:00 +0000",Audio file doesn't exists
Pod-Save-the-World_116,Pod-Save-the-World,116,"Wed, 10 Apr 2019 07:00:00 +0000",Audio file doesn't exists
Pod-Save-the-World_115,Pod-Save-the-World,115,"Wed, 3 Apr 2019 07:00:00 +0000",Audio file doesn't exists
Pod-Save-the-World_114,Pod-Save-the-World,114,"Wed, 27 Mar 2019 07:00:00 +0000",Audio file doesn't exists
Pod-Save-the-World_113,Pod-Save-the-World,113,"Wed, 20 Mar 2019 07:00:00 +0000",Audio file doesn't exists
Pod-Save-the-World_112,Pod-Save-the-World,112,"Wed, 13 Mar 2019 07:00:00 +0000",Audio file doesn't exists
Pod-Save-the-World_111,Pod-Save-the-World,111,"Wed, 6 Mar 2019 08:00:00 +0000",Audio file doesn't exists
Pod-Save-the-World_110,Pod-Save-the-World,110,"Fri, 1 Mar 2019 02:11:27 +0000",Audio file doesn't exists
Pod-Save-the-World_109,Pod-Save-the-World,109,"Wed, 27 Feb 2019 08:00:00 +0000",Audio file doesn't exists
Pod-Save-the-World_108,Pod-Save-the-World,108,"Wed, 20 Feb 2019 08:00:00 +0000",Audio file doesn't exists
Pod-Save-the-World_107,Pod-Save-the-World,107,"Wed, 13 Feb 2019 08:05:00 +0000",Audio file doesn't exists
Pod-Save-the-World_106,Pod-Save-the-World,106,"Wed, 6 Feb 2019 08:05:00 +0000",Audio file doesn't exists
Pod-Save-the-World_105,Pod-Save-the-World,105,"Wed, 30 Jan 2019 08:05:00 +0000",Audio file doesn't exists
Pod-Save-the-World_104,Pod-Save-the-World,104,"Wed, 23 Jan 2019 08:05:00 +0000",Audio file doesn't exists
Pod-Save-the-World_103,Pod-Save-the-World,103,"Wed, 16 Jan 2019 08:13:00 +0000",Audio file doesn't exists
Pod-Save-the-World_102,Pod-Save-the-World,102,"Wed, 9 Jan 2019 08:05:00 +0000",Audio file doesn't exists
Pod-Save-the-World_101,Pod-Save-the-World,101,"Wed, 26 Dec 2018 08:07:00 +0000",Audio file doesn't exists
Pod-Save-the-World_100,Pod-Save-the-World,100,"Wed, 19 Dec 2018 08:05:00 +0000",Audio file doesn't exists
Pod-Save-the-World_99,Pod-Save-the-World,99,"Wed, 12 Dec 2018 08:07:00 +0000",Audio file doesn't exists
Pod-Save-the-World_98,Pod-Save-the-World,98,"Wed, 5 Dec 2018 08:05:00 +0000",Audio file doesn't exists
Pod-Save-the-World_97,Pod-Save-the-World,97,"Wed, 28 Nov 2018 08:09:00 +0000",Audio file doesn't exists
Pod-Save-the-World_96,Pod-Save-the-World,96,"Wed, 21 Nov 2018 08:36:00 +0000",Audio file doesn't exists
Pod-Save-the-World_95,Pod-Save-the-World,95,"Wed, 14 Nov 2018 08:09:00 +0000",Audio file doesn't exists
Pod-Save-the-World_94,Pod-Save-the-World,94,"Fri, 9 Nov 2018 03:45:28 +0000",Audio file doesn't exists
Pod-Save-the-World_93,Pod-Save-the-World,93,"Wed, 31 Oct 2018 07:23:00 +0000",Audio file doesn't exists
Pod-Save-the-World_92,Pod-Save-the-World,92,"Wed, 24 Oct 2018 07:03:00 +0000",Audio file doesn't exists
Pod-Save-the-World_91,Pod-Save-the-World,91,"Wed, 17 Oct 2018 07:00:00 +0000",Audio file doesn't exists
Pod-Save-the-World_90,Pod-Save-the-World,90,"Wed, 10 Oct 2018 01:42:31 +0000",Audio file doesn't exists
Pod-Save-the-World_89,Pod-Save-the-World,89,"Wed, 3 Oct 2018 07:05:00 +0000",Audio file doesn't exists
Pod-Save-the-World_88,Pod-Save-the-World,88,"Wed, 26 Sep 2018 07:08:00 +0000",Audio file doesn't exists
Pod-Save-the-World_87,Pod-Save-the-World,87,"Wed, 19 Sep 2018 07:09:00 +0000",Audio file doesn't exists
Pod-Save-the-World_86,Pod-Save-the-World,86,"Wed, 12 Sep 2018 07:07:00 +0000",Audio file doesn't exists
Pod-Save-the-World_85,Pod-Save-the-World,85,"Wed, 5 Sep 2018 07:11:00 +0000",Audio file doesn't exists
Pod-Save-the-World_84,Pod-Save-the-World,84,"Wed, 29 Aug 2018 07:07:00 +0000",Audio file doesn't exists
Pod-Save-the-World_83,Pod-Save-the-World,83,"Wed, 22 Aug 2018 07:03:00 +0000",Audio file doesn't exists
Pod-Save-the-World_82,Pod-Save-the-World,82,"Wed, 15 Aug 2018 07:04:00 +0000",Audio file doesn't exists
Pod-Save-the-World_81,Pod-Save-the-World,81,"Wed, 8 Aug 2018 07:07:00 +0000",Audio file doesn't exists
Pod-Save-the-World_80,Pod-Save-the-World,80,"Wed, 1 Aug 2018 07:15:00 +0000",Audio file doesn't exists
Pod-Save-the-World_79,Pod-Save-the-World,79,"Wed, 25 Jul 2018 07:05:00 +0000",Audio file doesn't exists
Pod-Save-the-World_78,Pod-Save-the-World,78,"Wed, 18 Jul 2018 07:07:00 +0000",Audio file doesn't exists
Pod-Save-the-World_77,Pod-Save-the-World,77,"Wed, 11 Jul 2018 04:30:19 +0000",Audio file doesn't exists
Pod-Save-the-World_76,Pod-Save-the-World,76,"Thu, 5 Jul 2018 07:01:00 +0000",Audio file doesn't exists
Pod-Save-the-World_75,Pod-Save-the-World,75,"Fri, 29 Jun 2018 01:29:01 +0000",Audio file doesn't exists
Pod-Save-the-World_74,Pod-Save-the-World,74,"Tue, 19 Jun 2018 22:04:09 +0000",Audio file doesn't exists
Pod-Save-the-World_73,Pod-Save-the-World,73,"Wed, 13 Jun 2018 21:43:16 +0000",Audio file doesn't exists
Pod-Save-the-World_72,Pod-Save-the-World,72,"Wed, 6 Jun 2018 22:36:17 +0000",Audio file doesn't exists
Pod-Save-the-World_71,Pod-Save-the-World,71,"Fri, 1 Jun 2018 00:34:09 +0000",Audio file doesn't exists
Pod-Save-the-World_70,Pod-Save-the-World,70,"Wed, 23 May 2018 01:29:15 +0000",Audio file doesn't exists
Pod-Save-the-World_69,Pod-Save-the-World,69,"Thu, 17 May 2018 18:40:12 +0000",Audio file doesn't exists
Pod-Save-the-World_68,Pod-Save-the-World,68,"Tue, 8 May 2018 23:23:11 +0000",Audio file doesn't exists
Pod-Save-the-World_67,Pod-Save-the-World,67,"Wed, 2 May 2018 16:02:54 +0000",Audio file doesn't exists
Pod-Save-the-World_66,Pod-Save-the-World,66,"Fri, 27 Apr 2018 07:05:00 +0000",Audio file doesn't exists
Pod-Save-the-World_65,Pod-Save-the-World,65,"Wed, 18 Apr 2018 22:25:17 +0000",Audio file doesn't exists
Pod-Save-the-World_64,Pod-Save-the-World,64,"Wed, 11 Apr 2018 22:03:16 +0000",Audio file doesn't exists
Pod-Save-the-World_63,Pod-Save-the-World,63,"Thu, 5 Apr 2018 07:02:00 +0000",Audio file doesn't exists
Pod-Save-the-World_62,Pod-Save-the-World,62,"Fri, 30 Mar 2018 07:05:00 +0000",Audio file doesn't exists
Pod-Save-the-World_61,Pod-Save-the-World,61,"Thu, 22 Mar 2018 02:54:23 +0000",Audio file doesn't exists
Pod-Save-the-World_60,Pod-Save-the-World,60,"Fri, 16 Mar 2018 07:03:00 +0000",Audio file doesn't exists
Pod-Save-the-World_59,Pod-Save-the-World,59,"Wed, 7 Mar 2018 08:02:00 +0000",Audio file doesn't exists
Pod-Save-the-World_58,Pod-Save-the-World,58,"Fri, 2 Mar 2018 08:07:00 +0000",Audio file doesn't exists
Pod-Save-the-World_57,Pod-Save-the-World,57,"Fri, 23 Feb 2018 08:08:00 +0000",Audio file doesn't exists
Pod-Save-the-World_56,Pod-Save-the-World,56,"Fri, 16 Feb 2018 08:05:00 +0000",Audio file doesn't exists
Pod-Save-the-World_55,Pod-Save-the-World,55,"Fri, 9 Feb 2018 08:05:00 +0000",Audio file doesn't exists
Pod-Save-the-World_54,Pod-Save-the-World,54,"Fri, 2 Feb 2018 08:08:00 +0000",Audio file doesn't exists
Pod-Save-the-World_53,Pod-Save-the-World,53,"Fri, 26 Jan 2018 08:08:00 +0000",Audio file doesn't exists
Pod-Save-the-World_52,Pod-Save-the-World,52,"Fri, 19 Jan 2018 08:04:00 +0000",Audio file doesn't exists
Pod-Save-the-World_51,Pod-Save-the-World,51,"Fri, 12 Jan 2018 08:08:00 +0000",Audio file doesn't exists
Pod-Save-the-World_50,Pod-Save-the-World,50,"Fri, 5 Jan 2018 08:07:00 +0000",Audio file doesn't exists
Pod-Save-the-World_49,Pod-Save-the-World,49,"Fri, 22 Dec 2017 08:15:00 +0000",Audio file doesn't exists
Pod-Save-the-World_48,Pod-Save-the-World,48,"Fri, 15 Dec 2017 08:08:00 +0000",Audio file doesn't exists
Pod-Save-the-World_47,Pod-Save-the-World,47,"Fri, 8 Dec 2017 08:07:00 +0000",Audio file doesn't exists
Pod-Save-the-World_46,Pod-Save-the-World,46,"Fri, 1 Dec 2017 08:05:00 +0000",Audio file doesn't exists
Pod-Save-the-World_45,Pod-Save-the-World,45,"Fri, 24 Nov 2017 08:09:00 +0000",Audio file doesn't exists
Pod-Save-the-World_44,Pod-Save-the-World,44,"Fri, 17 Nov 2017 08:06:00 +0000",Audio file doesn't exists
Pod-Save-the-World_43,Pod-Save-the-World,43,"Fri, 10 Nov 2017 08:11:00 +0000",Audio file doesn't exists
Pod-Save-the-World_42,Pod-Save-the-World,42,"Wed, 1 Nov 2017 07:05:00 +0000",Audio file doesn't exists
Pod-Save-the-World_41,Pod-Save-the-World,41,"Wed, 25 Oct 2017 07:10:00 +0000",Audio file doesn't exists
Pod-Save-the-World_40,Pod-Save-the-World,40,"Wed, 18 Oct 2017 07:05:00 +0000",Audio file doesn't exists
Pod-Save-the-World_39,Pod-Save-the-World,39,"Wed, 11 Oct 2017 07:08:00 +0000",Audio file doesn't exists
Pod-Save-the-World_38,Pod-Save-the-World,38,"Wed, 4 Oct 2017 07:06:00 +0000",Audio file doesn't exists
Pod-Save-the-World_37,Pod-Save-the-World,37,"Wed, 27 Sep 2017 07:03:00 +0000",Audio file doesn't exists
Pod-Save-the-World_36,Pod-Save-the-World,36,"Wed, 20 Sep 2017 07:05:00 +0000",Audio file doesn't exists
Pod-Save-the-World_35,Pod-Save-the-World,35,"Wed, 13 Sep 2017 07:17:00 +0000",Audio file doesn't exists
Pod-Save-the-World_34,Pod-Save-the-World,34,"Wed, 6 Sep 2017 07:01:00 +0000",Audio file doesn't exists
Pod-Save-the-World_33,Pod-Save-the-World,33,"Fri, 1 Sep 2017 07:05:00 +0000",Audio file doesn't exists
Pod-Save-the-World_32,Pod-Save-the-World,32,"Wed, 30 Aug 2017 07:06:00 +0000",Audio file doesn't exists
Pod-Save-the-World_31,Pod-Save-the-World,31,"Wed, 23 Aug 2017 07:05:00 +0000",Audio file doesn't exists
Pod-Save-the-World_30,Pod-Save-the-World,30,"Wed, 16 Aug 2017 07:05:00 +0000",Audio file doesn't exists
Pod-Save-the-World_29,Pod-Save-the-World,29,"Wed, 9 Aug 2017 07:10:00 +0000",Audio file doesn't exists
Pod-Save-the-World_28,Pod-Save-the-World,28,"Wed, 2 Aug 2017 07:09:00 +0000",Audio file doesn't exists
Pod-Save-the-World_27,Pod-Save-the-World,27,"Wed, 26 Jul 2017 07:09:00 +0000",Audio file doesn't exists
Pod-Save-the-World_26,Pod-Save-the-World,26,"Wed, 19 Jul 2017 07:09:00 +0000",Audio file doesn't exists
Pod-Save-the-World_25,Pod-Save-the-World,25,"Wed, 12 Jul 2017 07:01:00 +0000",Audio file doesn't exists
Pod-Save-the-World_24,Pod-Save-the-World,24,"Wed, 5 Jul 2017 07:05:00 +0000",Audio file doesn't exists
Pod-Save-the-World_23,Pod-Save-the-World,23,"Wed, 21 Jun 2017 07:09:00 +0000",Audio file doesn't exists
Pod-Save-the-World_22,Pod-Save-the-World,22,"Wed, 14 Jun 2017 07:12:00 +0000",Audio file doesn't exists
Pod-Save-the-World_21,Pod-Save-the-World,21,"Wed, 7 Jun 2017 07:05:00 +0000",Audio file doesn't exists
Pod-Save-the-World_20,Pod-Save-the-World,20,"Wed, 31 May 2017 07:08:00 +0000",Audio file doesn't exists
Pod-Save-the-World_19,Pod-Save-the-World,19,"Wed, 24 May 2017 07:21:00 +0000",Audio file doesn't exists
Pod-Save-the-World_18,Pod-Save-the-World,18,"Tue, 16 May 2017 07:08:00 +0000",Audio file doesn't exists
Pod-Save-the-World_17,Pod-Save-the-World,17,"Wed, 10 May 2017 16:23:14 +0000",Audio file doesn't exists
Pod-Save-the-World_16,Pod-Save-the-World,16,"Wed, 3 May 2017 07:05:00 +0000",Audio file doesn't exists
Pod-Save-the-World_15,Pod-Save-the-World,15,"Wed, 26 Apr 2017 07:05:00 +0000",Audio file doesn't exists
Pod-Save-the-World_14,Pod-Save-the-World,14,"Wed, 19 Apr 2017 07:14:00 +0000",Audio file doesn't exists
Pod-Save-the-World_13,Pod-Save-the-World,13,"Wed, 12 Apr 2017 07:05:00 +0000",Audio file doesn't exists
Pod-Save-the-World_12,Pod-Save-the-World,12,"Mon, 10 Apr 2017 21:46:13 +0000",Audio file doesn't exists
Pod-Save-the-World_11,Pod-Save-the-World,11,"Wed, 5 Apr 2017 07:05:00 +0000",Audio file doesn't exists
Pod-Save-the-World_10,Pod-Save-the-World,10,"Wed, 29 Mar 2017 07:19:00 +0000",Audio file doesn't exists
Pod-Save-the-World_9,Pod-Save-the-World,9,"Wed, 22 Mar 2017 07:05:00 +0000",Audio file doesn't exists
Pod-Save-the-World_8,Pod-Save-the-World,8,"Wed, 15 Mar 2017 07:05:00 +0000",Audio file doesn't exists
Pod-Save-the-World_7,Pod-Save-the-World,7,"Wed, 8 Mar 2017 08:05:00 +0000",Audio file doesn't exists
Pod-Save-the-World_6,Pod-Save-the-World,6,"Wed, 1 Mar 2017 08:05:00 +0000",Audio file doesn't exists
Pod-Save-the-World_5,Pod-Save-the-World,5,"Wed, 22 Feb 2017 08:08:00 +0000",Audio file doesn't exists
Pod-Save-the-World_4,Pod-Save-the-World,4,"Wed, 15 Feb 2017 08:03:00 +0000",Audio file doesn't exists
Pod-Save-the-World_3,Pod-Save-the-World,3,"Wed, 8 Feb 2017 08:05:00 +0000",Audio file doesn't exists
Pod-Save-the-World_2,Pod-Save-the-World,2,"Wed, 1 Feb 2017 08:11:00 +0000",Audio file doesn't exists
Pod-Save-the-World_1,Pod-Save-the-World,1,"Fri, 27 Jan 2017 19:23:38 +0000",Audio file doesn't exists
The-Fox-News-Rundown_1199,The-Fox-News-Rundown,1199,"Fri, 08 Nov 2024 23:00:00 -0000",Audio file doesn't exists
The-Fox-News-Rundown_1198,The-Fox-News-Rundown,1198,"Fri, 08 Nov 2024 21:00:00 -0000",Audio file doesn't exists
The-Fox-News-Rundown_1197,The-Fox-News-Rundown,1197,"Fri, 08 Nov 2024 10:00:00 -0000",Audio file doesn't exists
The-Fox-News-Rundown_1196,The-Fox-News-Rundown,1196,"Thu, 07 Nov 2024 23:00:00 -0000",Audio file doesn't exists
The-Fox-News-Rundown_1195,The-Fox-News-Rundown,1195,"Thu, 07 Nov 2024 10:00:00 -0000",Audio file doesn't exists
The-Fox-News-Rundown_1194,The-Fox-News-Rundown,1194,"Wed, 06 Nov 2024 23:00:00 -0000",Audio file doesn't exists
The-Fox-News-Rundown_1193,The-Fox-News-Rundown,1193,"Wed, 06 Nov 2024 21:00:00 -0000",Audio file doesn't exists
The-Fox-News-Rundown_1192,The-Fox-News-Rundown,1192,"Wed, 06 Nov 2024 10:00:00 -0000",Audio file doesn't exists
The-Fox-News-Rundown_1191,The-Fox-News-Rundown,1191,"Tue, 05 Nov 2024 23:00:00 -0000",Audio file doesn't exists
The-Fox-News-Rundown_1190,The-Fox-News-Rundown,1190,"Tue, 05 Nov 2024 10:00:00 -0000",Audio file doesn't exists
The-Fox-News-Rundown_1189,The-Fox-News-Rundown,1189,"Mon, 04 Nov 2024 23:00:00 -0000",Audio file doesn't exists
The-Fox-News-Rundown_1188,The-Fox-News-Rundown,1188,"Mon, 04 Nov 2024 17:02:00 -0000",Audio file doesn't exists
The-Fox-News-Rundown_1187,The-Fox-News-Rundown,1187,"Mon, 04 Nov 2024 10:00:00 -0000",Audio file doesn't exists
The-Fox-News-Rundown_1186,The-Fox-News-Rundown,1186,"Sun, 03 Nov 2024 23:00:00 -0000",Audio file doesn't exists
The-Fox-News-Rundown_1185,The-Fox-News-Rundown,1185,"Sun, 03 Nov 2024 10:00:00 -0000",Audio file doesn't exists
The-Fox-News-Rundown_1184,The-Fox-News-Rundown,1184,"Sat, 02 Nov 2024 22:00:00 -0000",Audio file doesn't exists
The-Fox-News-Rundown_1183,The-Fox-News-Rundown,1183,"Sat, 02 Nov 2024 09:00:00 -0000",Audio file doesn't exists
The-Fox-News-Rundown_1182,The-Fox-News-Rundown,1182,"Fri, 01 Nov 2024 22:00:00 -0000",Audio file doesn't exists
The-Fox-News-Rundown_1181,The-Fox-News-Rundown,1181,"Fri, 01 Nov 2024 20:54:00 -0000",Audio file doesn't exists
The-Fox-News-Rundown_1180,The-Fox-News-Rundown,1180,"Fri, 01 Nov 2024 09:00:00 -0000",Audio file doesn't exists
The-Fox-News-Rundown_1179,The-Fox-News-Rundown,1179,"Thu, 31 Oct 2024 22:13:00 -0000",Audio file doesn't exists
The-Fox-News-Rundown_1178,The-Fox-News-Rundown,1178,"Thu, 31 Oct 2024 09:00:00 -0000",Audio file doesn't exists
The-Fox-News-Rundown_1177,The-Fox-News-Rundown,1177,"Wed, 30 Oct 2024 22:00:00 -0000",Audio file doesn't exists
The-Fox-News-Rundown_1176,The-Fox-News-Rundown,1176,"Wed, 30 Oct 2024 09:00:00 -0000",Audio file doesn't exists
The-Fox-News-Rundown_1175,The-Fox-News-Rundown,1175,"Tue, 29 Oct 2024 22:00:00 -0000",Audio file doesn't exists
The-Fox-News-Rundown_1174,The-Fox-News-Rundown,1174,"Tue, 29 Oct 2024 09:00:00 -0000",Audio file doesn't exists
The-Fox-News-Rundown_1173,The-Fox-News-Rundown,1173,"Mon, 28 Oct 2024 22:00:00 -0000",Audio file doesn't exists
The-Fox-News-Rundown_1172,The-Fox-News-Rundown,1172,"Mon, 28 Oct 2024 16:00:00 -0000",Audio file doesn't exists
The-Fox-News-Rundown_1171,The-Fox-News-Rundown,1171,"Mon, 28 Oct 2024 09:00:00 -0000",Audio file doesn't exists
The-Fox-News-Rundown_1170,The-Fox-News-Rundown,1170,"Sun, 27 Oct 2024 22:00:00 -0000",Audio file doesn't exists
The-Fox-News-Rundown_1169,The-Fox-News-Rundown,1169,"Sun, 27 Oct 2024 09:00:00 -0000",Audio file doesn't exists
The-Fox-News-Rundown_1168,The-Fox-News-Rundown,1168,"Sat, 26 Oct 2024 22:00:00 -0000",Audio file doesn't exists
The-Fox-News-Rundown_1167,The-Fox-News-Rundown,1167,"Sat, 26 Oct 2024 09:00:00 -0000",Audio file doesn't exists
The-Fox-News-Rundown_1166,The-Fox-News-Rundown,1166,"Fri, 25 Oct 2024 22:00:00 -0000",Audio file doesn't exists
The-Fox-News-Rundown_1165,The-Fox-News-Rundown,1165,"Fri, 25 Oct 2024 20:40:00 -0000",Audio file doesn't exists
Stay-Free-with-Russell-Brand_85,Stay-Free-with-Russell-Brand,85,"Thu, 17 Oct 2024 10:49:17 +0100",Audio file doesn't exists
Stay-Free-with-Russell-Brand_11,Stay-Free-with-Russell-Brand,11,"Tue, 02 Jul 2024 09:58:14 +0100",Audio file doesn't exists
Stay-Free-with-Russell-Brand_1,Stay-Free-with-Russell-Brand,1,"Tue, 18 Jun 2024 12:45:11 +0100",Audio file doesn't exists
The-Benny-Show_496,The-Benny-Show,496,"Thu, 14 Dec 2023 20:38:15 -0000",Audio file doesn't exists
The-Wright-Report_251,The-Wright-Report,251,,File is not a valid audio file for falcon
The-Remnant-with-Jonah-Goldberg_788,The-Remnant-with-Jonah-Goldberg,788,,File is not a valid audio file for falcon
John-Solomon-Reports_914,John-Solomon-Reports,914,,File is not a valid audio file for falcon
John-Solomon-Reports_51,John-Solomon-Reports,51,,File is not a valid audio file for falcon
Face-the-Nation-with-Margaret-Brennan_127,Face-the-Nation-with-Margaret-Brennan,127,,File is not a valid audio file for falcon
American-Fever-Dream_191,American-Fever-Dream,191,,File is not a valid audio file for falcon
American-Fever-Dream_190,American-Fever-Dream,190,,File is not a valid audio file for falcon
American-Fever-Dream_189,American-Fever-Dream,189,,File is not a valid audio file for falcon
American-Fever-Dream_187,American-Fever-Dream,187,,File is not a valid audio file for falcon
Newt's-World_29,Newt's-World,29,,File is not a valid audio file for falcon
