EXCEPTION,Audio Path Not Found,The-Michael-Steele-Podcast,210
EXCEPTION,Audio Path Not Found,The-Michael-Steele-Podcast,209
EXCEPTION,Audio Path Not Found,The-Michael-Steele-Podcast,208
EXCEPTION,Whisper Transcription Failure,The-Wright-Report,354
EXCEPTION,Whisper Transcription Failure,The-Wright-Report,351
EXCEPTION,Whisper Transcription Failure,The-Wright-Report,284
EXCEPTION,Whisper Transcription Failure,The-Wright-Report,219
EXCEPTION,Whisper Transcription Failure,The-Wright-Report,216
EXCEPTION,Whisper Transcription Failure,The-Wright-Report,56
EXCEPTION,Whisper Transcription Failure,Krystal-Kyle-&-Friends,185
EXCEPTION,Whisper Transcription Failure,Krystal-Kyle-&-Friends,184
EXCEPTION,Whisper Transcription Failure,Krystal-Kyle-&-Friends,183
EXCEPTION,Whisper Transcription Failure,Krystal-Kyle-&-Friends,182
EXCEPTION,Whisper Transcription Failure,Krystal-Kyle-&-Friends,181
EXCEPTION,Whisper Transcription Failure,Krystal-Kyle-&-Friends,180
EXCEPTION,Whisper Transcription Failure,Krystal-Kyle-&-Friends,179
EXCEPTION,Whisper Transcription Failure,Krystal-Kyle-&-Friends,177
EXCEPTION,Whisper Transcription Failure,Krystal-Kyle-&-Friends,178
EXCEPTION,Whisper Transcription Failure,Krystal-Kyle-&-Friends,176
EXCEPTION,Whisper Transcription Failure,Krystal-Kyle-&-Friends,175
EXCEPTION,Whisper Transcription Failure,Krystal-Kyle-&-Friends,174
EXCEPTION,Whisper Transcription Failure,Krystal-Kyle-&-Friends,173
EXCEPTION,Whisper Transcription Failure,Krystal-Kyle-&-Friends,172
EXCEPTION,Whisper Transcription Failure,Krystal-Kyle-&-Friends,171
EXCEPTION,Whisper Transcription Failure,Krystal-Kyle-&-Friends,170
EXCEPTION,Whisper Transcription Failure,Krystal-Kyle-&-Friends,169
EXCEPTION,Whisper Transcription Failure,Krystal-Kyle-&-Friends,168
EXCEPTION,Whisper Transcription Failure,Krystal-Kyle-&-Friends,167
EXCEPTION,Whisper Transcription Failure,Krystal-Kyle-&-Friends,166
EXCEPTION,Whisper Transcription Failure,Krystal-Kyle-&-Friends,165
EXCEPTION,Whisper Transcription Failure,Krystal-Kyle-&-Friends,164
EXCEPTION,Whisper Transcription Failure,Krystal-Kyle-&-Friends,163
EXCEPTION,Whisper Transcription Failure,Krystal-Kyle-&-Friends,161
EXCEPTION,Whisper Transcription Failure,Krystal-Kyle-&-Friends,160
EXCEPTION,Whisper Transcription Failure,Krystal-Kyle-&-Friends,162
EXCEPTION,Whisper Transcription Failure,Krystal-Kyle-&-Friends,159
EXCEPTION,Whisper Transcription Failure,Krystal-Kyle-&-Friends,158
EXCEPTION,Whisper Transcription Failure,Krystal-Kyle-&-Friends,157
EXCEPTION,Whisper Transcription Failure,Krystal-Kyle-&-Friends,156
EXCEPTION,Whisper Transcription Failure,Krystal-Kyle-&-Friends,155
EXCEPTION,Whisper Transcription Failure,Krystal-Kyle-&-Friends,154
EXCEPTION,Whisper Transcription Failure,Krystal-Kyle-&-Friends,153
EXCEPTION,Whisper Transcription Failure,Krystal-Kyle-&-Friends,152
EXCEPTION,Whisper Transcription Failure,Krystal-Kyle-&-Friends,151
EXCEPTION,Whisper Transcription Failure,Krystal-Kyle-&-Friends,150
EXCEPTION,Whisper Transcription Failure,Krystal-Kyle-&-Friends,149
EXCEPTION,Whisper Transcription Failure,Krystal-Kyle-&-Friends,147
EXCEPTION,Whisper Transcription Failure,Krystal-Kyle-&-Friends,148
EXCEPTION,Whisper Transcription Failure,Krystal-Kyle-&-Friends,146
EXCEPTION,Whisper Transcription Failure,Krystal-Kyle-&-Friends,145
EXCEPTION,Whisper Transcription Failure,Krystal-Kyle-&-Friends,144
EXCEPTION,Whisper Transcription Failure,Krystal-Kyle-&-Friends,143
EXCEPTION,Whisper Transcription Failure,Krystal-Kyle-&-Friends,141
EXCEPTION,Whisper Transcription Failure,Krystal-Kyle-&-Friends,142
EXCEPTION,Whisper Transcription Failure,Krystal-Kyle-&-Friends,140
EXCEPTION,Whisper Transcription Failure,Krystal-Kyle-&-Friends,139
EXCEPTION,Whisper Transcription Failure,Krystal-Kyle-&-Friends,138
EXCEPTION,Whisper Transcription Failure,Krystal-Kyle-&-Friends,137
EXCEPTION,Whisper Transcription Failure,Krystal-Kyle-&-Friends,136
EXCEPTION,Whisper Transcription Failure,Krystal-Kyle-&-Friends,135
EXCEPTION,Whisper Transcription Failure,Krystal-Kyle-&-Friends,134
EXCEPTION,Whisper Transcription Failure,Krystal-Kyle-&-Friends,133
EXCEPTION,Whisper Transcription Failure,Krystal-Kyle-&-Friends,132
EXCEPTION,Whisper Transcription Failure,Krystal-Kyle-&-Friends,131
EXCEPTION,Whisper Transcription Failure,Krystal-Kyle-&-Friends,129
EXCEPTION,Whisper Transcription Failure,Krystal-Kyle-&-Friends,130
EXCEPTION,Whisper Transcription Failure,Krystal-Kyle-&-Friends,127
EXCEPTION,Whisper Transcription Failure,Krystal-Kyle-&-Friends,126
EXCEPTION,Whisper Transcription Failure,Krystal-Kyle-&-Friends,125
EXCEPTION,Whisper Transcription Failure,Krystal-Kyle-&-Friends,124
EXCEPTION,Whisper Transcription Failure,Krystal-Kyle-&-Friends,123
EXCEPTION,Whisper Transcription Failure,Krystal-Kyle-&-Friends,120
EXCEPTION,Whisper Transcription Failure,Krystal-Kyle-&-Friends,121
EXCEPTION,Whisper Transcription Failure,Krystal-Kyle-&-Friends,122
EXCEPTION,Whisper Transcription Failure,Krystal-Kyle-&-Friends,119
EXCEPTION,Whisper Transcription Failure,Krystal-Kyle-&-Friends,117
EXCEPTION,Whisper Transcription Failure,Krystal-Kyle-&-Friends,118
EXCEPTION,Whisper Transcription Failure,Krystal-Kyle-&-Friends,116
EXCEPTION,Whisper Transcription Failure,Krystal-Kyle-&-Friends,115
EXCEPTION,Whisper Transcription Failure,Krystal-Kyle-&-Friends,114
EXCEPTION,Whisper Transcription Failure,Krystal-Kyle-&-Friends,112
EXCEPTION,Whisper Transcription Failure,Krystal-Kyle-&-Friends,113
EXCEPTION,Whisper Transcription Failure,Krystal-Kyle-&-Friends,111
EXCEPTION,Whisper Transcription Failure,Krystal-Kyle-&-Friends,110
EXCEPTION,Whisper Transcription Failure,Krystal-Kyle-&-Friends,109
EXCEPTION,Whisper Transcription Failure,Krystal-Kyle-&-Friends,108
EXCEPTION,Whisper Transcription Failure,Krystal-Kyle-&-Friends,107
EXCEPTION,Whisper Transcription Failure,Krystal-Kyle-&-Friends,106
EXCEPTION,Whisper Transcription Failure,Krystal-Kyle-&-Friends,105
EXCEPTION,Whisper Transcription Failure,Krystal-Kyle-&-Friends,104
EXCEPTION,Whisper Transcription Failure,Krystal-Kyle-&-Friends,103
EXCEPTION,Whisper Transcription Failure,Krystal-Kyle-&-Friends,102
EXCEPTION,Whisper Transcription Failure,Krystal-Kyle-&-Friends,101
EXCEPTION,Whisper Transcription Failure,Krystal-Kyle-&-Friends,100
EXCEPTION,Whisper Transcription Failure,Krystal-Kyle-&-Friends,99
EXCEPTION,Whisper Transcription Failure,Krystal-Kyle-&-Friends,98
EXCEPTION,Whisper Transcription Failure,Krystal-Kyle-&-Friends,97
EXCEPTION,Whisper Transcription Failure,Krystal-Kyle-&-Friends,96
EXCEPTION,Whisper Transcription Failure,Krystal-Kyle-&-Friends,95
EXCEPTION,Whisper Transcription Failure,Krystal-Kyle-&-Friends,94
EXCEPTION,Whisper Transcription Failure,Krystal-Kyle-&-Friends,93
EXCEPTION,Whisper Transcription Failure,Krystal-Kyle-&-Friends,92
EXCEPTION,Whisper Transcription Failure,Krystal-Kyle-&-Friends,91
EXCEPTION,Whisper Transcription Failure,Krystal-Kyle-&-Friends,88
EXCEPTION,Whisper Transcription Failure,Krystal-Kyle-&-Friends,89
EXCEPTION,Whisper Transcription Failure,Krystal-Kyle-&-Friends,90
EXCEPTION,Whisper Transcription Failure,Krystal-Kyle-&-Friends,87
EXCEPTION,Whisper Transcription Failure,Krystal-Kyle-&-Friends,86
EXCEPTION,Whisper Transcription Failure,Krystal-Kyle-&-Friends,85
EXCEPTION,Whisper Transcription Failure,Krystal-Kyle-&-Friends,83
EXCEPTION,Whisper Transcription Failure,Krystal-Kyle-&-Friends,84
EXCEPTION,Whisper Transcription Failure,Krystal-Kyle-&-Friends,82
EXCEPTION,Whisper Transcription Failure,Krystal-Kyle-&-Friends,81
EXCEPTION,Whisper Transcription Failure,Krystal-Kyle-&-Friends,80
EXCEPTION,Whisper Transcription Failure,Krystal-Kyle-&-Friends,79
EXCEPTION,Whisper Transcription Failure,Krystal-Kyle-&-Friends,78
EXCEPTION,Whisper Transcription Failure,Krystal-Kyle-&-Friends,77
EXCEPTION,Whisper Transcription Failure,Krystal-Kyle-&-Friends,76
EXCEPTION,Whisper Transcription Failure,Krystal-Kyle-&-Friends,75
EXCEPTION,Whisper Transcription Failure,Krystal-Kyle-&-Friends,73
EXCEPTION,Whisper Transcription Failure,Krystal-Kyle-&-Friends,72
EXCEPTION,Whisper Transcription Failure,Krystal-Kyle-&-Friends,74
EXCEPTION,Whisper Transcription Failure,Krystal-Kyle-&-Friends,70
EXCEPTION,Whisper Transcription Failure,Krystal-Kyle-&-Friends,69
EXCEPTION,Whisper Transcription Failure,Krystal-Kyle-&-Friends,68
EXCEPTION,Whisper Transcription Failure,Krystal-Kyle-&-Friends,71
EXCEPTION,Whisper Transcription Failure,Krystal-Kyle-&-Friends,67
EXCEPTION,Whisper Transcription Failure,Krystal-Kyle-&-Friends,66
EXCEPTION,Whisper Transcription Failure,Krystal-Kyle-&-Friends,65
EXCEPTION,Whisper Transcription Failure,Krystal-Kyle-&-Friends,64
EXCEPTION,Whisper Transcription Failure,Krystal-Kyle-&-Friends,63
EXCEPTION,Whisper Transcription Failure,Krystal-Kyle-&-Friends,62
EXCEPTION,Whisper Transcription Failure,Krystal-Kyle-&-Friends,60
EXCEPTION,Whisper Transcription Failure,Krystal-Kyle-&-Friends,61
EXCEPTION,Whisper Transcription Failure,Krystal-Kyle-&-Friends,59
EXCEPTION,Whisper Transcription Failure,Krystal-Kyle-&-Friends,58
EXCEPTION,Whisper Transcription Failure,Krystal-Kyle-&-Friends,57
EXCEPTION,Whisper Transcription Failure,Krystal-Kyle-&-Friends,56
EXCEPTION,Whisper Transcription Failure,Krystal-Kyle-&-Friends,55
EXCEPTION,Whisper Transcription Failure,Krystal-Kyle-&-Friends,54
EXCEPTION,Whisper Transcription Failure,Krystal-Kyle-&-Friends,53
EXCEPTION,Whisper Transcription Failure,Krystal-Kyle-&-Friends,52
EXCEPTION,Whisper Transcription Failure,Krystal-Kyle-&-Friends,51
EXCEPTION,Whisper Transcription Failure,Krystal-Kyle-&-Friends,50
EXCEPTION,Whisper Transcription Failure,Krystal-Kyle-&-Friends,48
EXCEPTION,Whisper Transcription Failure,Krystal-Kyle-&-Friends,49
EXCEPTION,Whisper Transcription Failure,Krystal-Kyle-&-Friends,46
EXCEPTION,Whisper Transcription Failure,Krystal-Kyle-&-Friends,47
EXCEPTION,Whisper Transcription Failure,Krystal-Kyle-&-Friends,44
EXCEPTION,Whisper Transcription Failure,Krystal-Kyle-&-Friends,41
EXCEPTION,Whisper Transcription Failure,Krystal-Kyle-&-Friends,43
EXCEPTION,Whisper Transcription Failure,Krystal-Kyle-&-Friends,42
EXCEPTION,Whisper Transcription Failure,Krystal-Kyle-&-Friends,40
EXCEPTION,Whisper Transcription Failure,Krystal-Kyle-&-Friends,39
EXCEPTION,Whisper Transcription Failure,Krystal-Kyle-&-Friends,36
EXCEPTION,Whisper Transcription Failure,Krystal-Kyle-&-Friends,37
EXCEPTION,Whisper Transcription Failure,Krystal-Kyle-&-Friends,38
EXCEPTION,Whisper Transcription Failure,Krystal-Kyle-&-Friends,35
EXCEPTION,Whisper Transcription Failure,Krystal-Kyle-&-Friends,34
EXCEPTION,Whisper Transcription Failure,Krystal-Kyle-&-Friends,32
EXCEPTION,Whisper Transcription Failure,Krystal-Kyle-&-Friends,29
EXCEPTION,Whisper Transcription Failure,Krystal-Kyle-&-Friends,30
EXCEPTION,Whisper Transcription Failure,Krystal-Kyle-&-Friends,31
EXCEPTION,Whisper Transcription Failure,Krystal-Kyle-&-Friends,28
EXCEPTION,Whisper Transcription Failure,Krystal-Kyle-&-Friends,27
EXCEPTION,Whisper Transcription Failure,Krystal-Kyle-&-Friends,26
EXCEPTION,Whisper Transcription Failure,Krystal-Kyle-&-Friends,22
EXCEPTION,Whisper Transcription Failure,Krystal-Kyle-&-Friends,23
EXCEPTION,Whisper Transcription Failure,Krystal-Kyle-&-Friends,21
EXCEPTION,Whisper Transcription Failure,Krystal-Kyle-&-Friends,20
EXCEPTION,Whisper Transcription Failure,Krystal-Kyle-&-Friends,25
EXCEPTION,Whisper Transcription Failure,Krystal-Kyle-&-Friends,19
EXCEPTION,Whisper Transcription Failure,Krystal-Kyle-&-Friends,18
EXCEPTION,Whisper Transcription Failure,Krystal-Kyle-&-Friends,17
EXCEPTION,Whisper Transcription Failure,Krystal-Kyle-&-Friends,16
EXCEPTION,Whisper Transcription Failure,Krystal-Kyle-&-Friends,14
EXCEPTION,Whisper Transcription Failure,Krystal-Kyle-&-Friends,15
EXCEPTION,Whisper Transcription Failure,Krystal-Kyle-&-Friends,12
EXCEPTION,Whisper Transcription Failure,Krystal-Kyle-&-Friends,13
EXCEPTION,Whisper Transcription Failure,Krystal-Kyle-&-Friends,9
EXCEPTION,Whisper Transcription Failure,Krystal-Kyle-&-Friends,10
EXCEPTION,Whisper Transcription Failure,Krystal-Kyle-&-Friends,8
EXCEPTION,Whisper Transcription Failure,Krystal-Kyle-&-Friends,11
EXCEPTION,Whisper Transcription Failure,Krystal-Kyle-&-Friends,7
EXCEPTION,Whisper Transcription Failure,Krystal-Kyle-&-Friends,6
EXCEPTION,Whisper Transcription Failure,Krystal-Kyle-&-Friends,5
EXCEPTION,Whisper Transcription Failure,Krystal-Kyle-&-Friends,3
EXCEPTION,Whisper Transcription Failure,Krystal-Kyle-&-Friends,2
EXCEPTION,Whisper Transcription Failure,Krystal-Kyle-&-Friends,4
EXCEPTION,Whisper Transcription Failure,Krystal-Kyle-&-Friends,1
EXCEPTION,Audio Path Not Found,The-Foreign-Affairs-Interview,47
