Pod-Save-America_874,Transcripts Not Found,Pod-Save-America,874
Pod-Save-America_811,Transcripts Not Found,Pod-Save-America,811
Pod-Save-America_677,Transcripts Not Found,Pod-Save-America,677
Pod-Save-America_531,Transcripts Not Found,Pod-Save-America,531
Pod-Save-America_306,Transcripts Not Found,Pod-Save-America,306
Pod-Save-America_181,Transcripts Not Found,Pod-Save-America,181
Pod-Save-America_106,Transcripts Not Found,Pod-Save-America,106
The-NPR-Politics-Podcast_29,Transcripts Not Found,The-NPR-Politics-Podcast,29
Candace_36,Transcripts Not Found,Candace,36
Hacks-On-Tap_66,Transcripts Not Found,Hacks-On-Tap,66
The-MeidasTouch-Podcast_1377,Transcripts Not Found,The-MeidasTouch-Podcast,1377
The-MeidasTouch-Podcast_1285,Transcripts Not Found,The-MeidasTouch-Podcast,1285
The-MeidasTouch-Podcast_702,Transcripts Not Found,The-MeidasTouch-Podcast,702
The-MeidasTouch-Podcast_441,Transcripts Not Found,The-MeidasTouch-Podcast,441
Breaking-Points-with-Krystal-and-Saagar_881,Transcripts Not Found,Breaking-Points-with-Krystal-and-Saagar,881
Breaking-Points-with-Krystal-and-Saagar_712,Transcripts Not Found,Breaking-Points-with-Krystal-and-Saagar,712
Breaking-Points-with-Krystal-and-Saagar_639,Transcripts Not Found,Breaking-Points-with-Krystal-and-Saagar,639
Breaking-Points-with-Krystal-and-Saagar_431,Transcripts Not Found,Breaking-Points-with-Krystal-and-Saagar,431
Breaking-Points-with-Krystal-and-Saagar_312,Transcripts Not Found,Breaking-Points-with-Krystal-and-Saagar,312
Breaking-Points-with-Krystal-and-Saagar_143,Transcripts Not Found,Breaking-Points-with-Krystal-and-Saagar,143
Verdict-with-Ted-Cruz_84,Transcripts Not Found,Verdict-with-Ted-Cruz,84
Fast-Politics-with-Molly-Jong-Fast_321,Transcripts Not Found,Fast-Politics-with-Molly-Jong-Fast,321
Fast-Politics-with-Molly-Jong-Fast_306,Transcripts Not Found,Fast-Politics-with-Molly-Jong-Fast,306
The-Victor-Davis-Hanson-Show_635,Transcripts Not Found,The-Victor-Davis-Hanson-Show,635
The-Victor-Davis-Hanson-Show_569,Transcripts Not Found,The-Victor-Davis-Hanson-Show,569
The-Victor-Davis-Hanson-Show_548,Transcripts Not Found,The-Victor-Davis-Hanson-Show,548
The-Victor-Davis-Hanson-Show_475,Transcripts Not Found,The-Victor-Davis-Hanson-Show,475
The-Victor-Davis-Hanson-Show_300,Transcripts Not Found,The-Victor-Davis-Hanson-Show,300
The-Clay-Travis-and-Buck-Sexton-Show_7839,Transcripts Not Found,The-Clay-Travis-and-Buck-Sexton-Show,7839
The-Clay-Travis-and-Buck-Sexton-Show_6315,Transcripts Not Found,The-Clay-Travis-and-Buck-Sexton-Show,6315
The-Clay-Travis-and-Buck-Sexton-Show_6151,Transcripts Not Found,The-Clay-Travis-and-Buck-Sexton-Show,6151
The-Clay-Travis-and-Buck-Sexton-Show_6112,Transcripts Not Found,The-Clay-Travis-and-Buck-Sexton-Show,6112
The-Clay-Travis-and-Buck-Sexton-Show_6093,Transcripts Not Found,The-Clay-Travis-and-Buck-Sexton-Show,6093
The-Clay-Travis-and-Buck-Sexton-Show_4700,Transcripts Not Found,The-Clay-Travis-and-Buck-Sexton-Show,4700
The-Clay-Travis-and-Buck-Sexton-Show_4216,Transcripts Not Found,The-Clay-Travis-and-Buck-Sexton-Show,4216
The-Clay-Travis-and-Buck-Sexton-Show_3585,Transcripts Not Found,The-Clay-Travis-and-Buck-Sexton-Show,3585
The-Clay-Travis-and-Buck-Sexton-Show_3568,Transcripts Not Found,The-Clay-Travis-and-Buck-Sexton-Show,3568
The-Clay-Travis-and-Buck-Sexton-Show_702,Transcripts Not Found,The-Clay-Travis-and-Buck-Sexton-Show,702
The-Clay-Travis-and-Buck-Sexton-Show_470,Transcripts Not Found,The-Clay-Travis-and-Buck-Sexton-Show,470
The-Clay-Travis-and-Buck-Sexton-Show_279,Transcripts Not Found,The-Clay-Travis-and-Buck-Sexton-Show,279
The-Clay-Travis-and-Buck-Sexton-Show_54,Transcripts Not Found,The-Clay-Travis-and-Buck-Sexton-Show,54
The-Clay-Travis-and-Buck-Sexton-Show_7,Transcripts Not Found,The-Clay-Travis-and-Buck-Sexton-Show,7
Ruthless-Podcast_471,Transcripts Not Found,Ruthless-Podcast,471
Ruthless-Podcast_395,Transcripts Not Found,Ruthless-Podcast,395
Ruthless-Podcast_394,Transcripts Not Found,Ruthless-Podcast,394
Ruthless-Podcast_364,Transcripts Not Found,Ruthless-Podcast,364
Ruthless-Podcast_322,Transcripts Not Found,Ruthless-Podcast,322
Ruthless-Podcast_299,Transcripts Not Found,Ruthless-Podcast,299
Ruthless-Podcast_263,Transcripts Not Found,Ruthless-Podcast,263
Ruthless-Podcast_226,Transcripts Not Found,Ruthless-Podcast,226
Ruthless-Podcast_99,Transcripts Not Found,Ruthless-Podcast,99
Ruthless-Podcast_94,Transcripts Not Found,Ruthless-Podcast,94
Ruthless-Podcast_66,Transcripts Not Found,Ruthless-Podcast,66
Ruthless-Podcast_51,Transcripts Not Found,Ruthless-Podcast,51
TRIGGERnometry_441,Transcripts Not Found,TRIGGERnometry,441
TRIGGERnometry_371,Transcripts Not Found,TRIGGERnometry,371
TRIGGERnometry_161,Transcripts Not Found,TRIGGERnometry,161
The-Al-Franken-Podcast_257,Transcripts Not Found,The-Al-Franken-Podcast,257
Stay-Tuned-with-Preet_59,Transcripts Not Found,Stay-Tuned-with-Preet,59
Jack_346,Transcripts Not Found,Jack,346
Jack_137,Transcripts Not Found,Jack,137
Jack_133,Transcripts Not Found,Jack,133
Jack_124,Transcripts Not Found,Jack,124
Jack_117,Transcripts Not Found,Jack,117
Jack_115,Transcripts Not Found,Jack,115
Jack_39,Transcripts Not Found,Jack,39
Jack_5,Transcripts Not Found,Jack,5
The-Next-Level_218,Transcripts Not Found,The-Next-Level,218
Louder-with-Crowder_899,Transcripts Not Found,Louder-with-Crowder,899
Louder-with-Crowder_843,Transcripts Not Found,Louder-with-Crowder,843
Louder-with-Crowder_780,Transcripts Not Found,Louder-with-Crowder,780
Louder-with-Crowder_762,Transcripts Not Found,Louder-with-Crowder,762
Louder-with-Crowder_725,Transcripts Not Found,Louder-with-Crowder,725
Louder-with-Crowder_619,Transcripts Not Found,Louder-with-Crowder,619
Louder-with-Crowder_612,Transcripts Not Found,Louder-with-Crowder,612
Louder-with-Crowder_566,Transcripts Not Found,Louder-with-Crowder,566
Louder-with-Crowder_564,Transcripts Not Found,Louder-with-Crowder,564
Louder-with-Crowder_499,Transcripts Not Found,Louder-with-Crowder,499
Louder-with-Crowder_453,Transcripts Not Found,Louder-with-Crowder,453
Louder-with-Crowder_447,Transcripts Not Found,Louder-with-Crowder,447
Louder-with-Crowder_416,Transcripts Not Found,Louder-with-Crowder,416
Louder-with-Crowder_412,Transcripts Not Found,Louder-with-Crowder,412
Louder-with-Crowder_382,Transcripts Not Found,Louder-with-Crowder,382
Louder-with-Crowder_377,Transcripts Not Found,Louder-with-Crowder,377
Louder-with-Crowder_326,Transcripts Not Found,Louder-with-Crowder,326
Louder-with-Crowder_213,Transcripts Not Found,Louder-with-Crowder,213
Louder-with-Crowder_200,Transcripts Not Found,Louder-with-Crowder,200
Louder-with-Crowder_169,Transcripts Not Found,Louder-with-Crowder,169
Louder-with-Crowder_154,Transcripts Not Found,Louder-with-Crowder,154
Louder-with-Crowder_124,Transcripts Not Found,Louder-with-Crowder,124
Louder-with-Crowder_122,Transcripts Not Found,Louder-with-Crowder,122
#SistersInLaw_201,Transcripts Not Found,#SistersInLaw,201
Talking-Feds_224,Transcripts Not Found,Talking-Feds,224
Political-Gabfest_584,Transcripts Not Found,Political-Gabfest,584
We-Live-Here-Now_4,Transcripts Not Found,We-Live-Here-Now,4
Americast_210,Transcripts Not Found,Americast,210
Americast_184,Transcripts Not Found,Americast,184
Brian-Kilmeade-Show_1176,Transcripts Not Found,Brian-Kilmeade-Show,1176
Brian-Kilmeade-Show_1074,Transcripts Not Found,Brian-Kilmeade-Show,1074
Brian-Kilmeade-Show_548,Transcripts Not Found,Brian-Kilmeade-Show,548
Brian-Kilmeade-Show_419,Transcripts Not Found,Brian-Kilmeade-Show,419
Brian-Kilmeade-Show_244,Transcripts Not Found,Brian-Kilmeade-Show,244
Brian-Kilmeade-Show_190,Transcripts Not Found,Brian-Kilmeade-Show,190
Brian-Kilmeade-Show_98,Transcripts Not Found,Brian-Kilmeade-Show,98
Brian-Kilmeade-Show_72,Transcripts Not Found,Brian-Kilmeade-Show,72
RealClearPolitics-Podcast_390,Transcripts Not Found,RealClearPolitics-Podcast,390
Know-Your-Enemy_85,Transcripts Not Found,Know-Your-Enemy,85
John-Solomon-Reports_1102,Transcripts Not Found,John-Solomon-Reports,1102
John-Solomon-Reports_419,Transcripts Not Found,John-Solomon-Reports,419
Playbook-Deep-Dive_428,Transcripts Not Found,Playbook-Deep-Dive,428
Playbook-Deep-Dive_293,Transcripts Not Found,Playbook-Deep-Dive,293
The-Michael-Steele-Podcast_417,Transcripts Not Found,The-Michael-Steele-Podcast,417
The-Michael-Steele-Podcast_209,Transcripts Not Found,The-Michael-Steele-Podcast,209
The-Michael-Steele-Podcast_104,Transcripts Not Found,The-Michael-Steele-Podcast,104
American-Fever-Dream_711,Transcripts Not Found,American-Fever-Dream,711
American-Fever-Dream_626,Transcripts Not Found,American-Fever-Dream,626
American-Fever-Dream_515,Transcripts Not Found,American-Fever-Dream,515
American-Fever-Dream_510,Transcripts Not Found,American-Fever-Dream,510
American-Fever-Dream_330,Transcripts Not Found,American-Fever-Dream,330
American-Fever-Dream_301,Transcripts Not Found,American-Fever-Dream,301
American-Fever-Dream_299,Transcripts Not Found,American-Fever-Dream,299
American-Fever-Dream_191,Transcripts Not Found,American-Fever-Dream,191
American-Fever-Dream_190,Transcripts Not Found,American-Fever-Dream,190
American-Fever-Dream_189,Transcripts Not Found,American-Fever-Dream,189
American-Fever-Dream_187,Transcripts Not Found,American-Fever-Dream,187
The-Smerconish-Podcast_27,Transcripts Not Found,The-Smerconish-Podcast,27
The-Ben-Ferguson-Podcast_368,Transcripts Not Found,The-Ben-Ferguson-Podcast,368
Advisory-Opinions_314,Transcripts Not Found,Advisory-Opinions,314
Advisory-Opinions_152,Transcripts Not Found,Advisory-Opinions,152
