ID,podName,epNum,date,duration
Krystal-Kyle-&-Friends_343,Krystal-Kyle-&-Friends,343,2024-06-26,?
Krystal-Kyle-&-Friends_342,Krystal-Kyle-&-Friends,342,2024-06-19,?
Krystal-Kyle-&-Friends_341,Krystal-Kyle-&-Friends,341,2024-06-12,?
Krystal-Kyle-&-Friends_340,Krystal-Kyle-&-Friends,340,2024-06-05,?
Krystal-Kyle-&-Friends_339,Krystal-Kyle-&-Friends,339,2024-05-22,?
Krystal-Kyle-&-Friends_338,Krystal-Kyle-&-Friends,338,2024-05-15,?
Krystal-Kyle-&-Friends_337,Krystal-Kyle-&-Friends,337,2024-05-08,?
Krystal-Kyle-&-Friends_336,Krystal-Kyle-&-Friends,336,2024-05-01,?
Krystal-Kyle-&-Friends_335,Krystal-Kyle-&-Friends,335,2024-04-24,?
Krystal-Kyle-&-Friends_334,Krystal-Kyle-&-Friends,334,2024-04-17,?
Krystal-Kyle-&-Friends_333,Krystal-Kyle-&-Friends,333,2024-04-10,?
Krystal-Kyle-&-Friends_332,Krystal-Kyle-&-Friends,332,2024-04-03,?
Krystal-Kyle-&-Friends_331,Krystal-Kyle-&-Friends,331,2024-03-27,?
Krystal-Kyle-&-Friends_330,Krystal-Kyle-&-Friends,330,2024-03-20,?
Krystal-Kyle-&-Friends_329,Krystal-Kyle-&-Friends,329,2024-03-13,?
Krystal-Kyle-&-Friends_328,Krystal-Kyle-&-Friends,328,2024-03-06,?
Krystal-Kyle-&-Friends_327,Krystal-Kyle-&-Friends,327,2024-02-28,?
Krystal-Kyle-&-Friends_326,Krystal-Kyle-&-Friends,326,2024-02-21,?
Krystal-Kyle-&-Friends_325,Krystal-Kyle-&-Friends,325,2024-02-14,?
Krystal-Kyle-&-Friends_324,Krystal-Kyle-&-Friends,324,2024-02-07,?
Krystal-Kyle-&-Friends_323,Krystal-Kyle-&-Friends,323,2024-01-31,?
Krystal-Kyle-&-Friends_322,Krystal-Kyle-&-Friends,322,2024-01-24,?
Krystal-Kyle-&-Friends_321,Krystal-Kyle-&-Friends,321,2024-01-17,?
Krystal-Kyle-&-Friends_320,Krystal-Kyle-&-Friends,320,2024-01-10,?
Krystal-Kyle-&-Friends_319,Krystal-Kyle-&-Friends,319,2023-12-20,?
Krystal-Kyle-&-Friends_318,Krystal-Kyle-&-Friends,318,2023-12-13,?
Krystal-Kyle-&-Friends_317,Krystal-Kyle-&-Friends,317,2023-12-06,?
Krystal-Kyle-&-Friends_316,Krystal-Kyle-&-Friends,316,2023-11-29,?
Krystal-Kyle-&-Friends_315,Krystal-Kyle-&-Friends,315,2023-11-15,?
Krystal-Kyle-&-Friends_314,Krystal-Kyle-&-Friends,314,2023-11-10,?
Krystal-Kyle-&-Friends_313,Krystal-Kyle-&-Friends,313,2023-11-08,?
Krystal-Kyle-&-Friends_312,Krystal-Kyle-&-Friends,312,2023-11-01,?
Krystal-Kyle-&-Friends_311,Krystal-Kyle-&-Friends,311,2023-10-27,?
Krystal-Kyle-&-Friends_310,Krystal-Kyle-&-Friends,310,2023-10-25,?
Krystal-Kyle-&-Friends_309,Krystal-Kyle-&-Friends,309,2023-10-20,?
Krystal-Kyle-&-Friends_308,Krystal-Kyle-&-Friends,308,2023-10-18,?
Krystal-Kyle-&-Friends_307,Krystal-Kyle-&-Friends,307,2023-10-13,?
Krystal-Kyle-&-Friends_306,Krystal-Kyle-&-Friends,306,2023-10-11,?
Krystal-Kyle-&-Friends_305,Krystal-Kyle-&-Friends,305,2023-10-06,?
Krystal-Kyle-&-Friends_304,Krystal-Kyle-&-Friends,304,2023-10-04,?
Krystal-Kyle-&-Friends_303,Krystal-Kyle-&-Friends,303,2023-09-29,?
Krystal-Kyle-&-Friends_302,Krystal-Kyle-&-Friends,302,2023-09-27,?
Krystal-Kyle-&-Friends_301,Krystal-Kyle-&-Friends,301,2023-09-22,?
Krystal-Kyle-&-Friends_300,Krystal-Kyle-&-Friends,300,2023-09-20,?
Krystal-Kyle-&-Friends_299,Krystal-Kyle-&-Friends,299,2023-09-15,?
Krystal-Kyle-&-Friends_298,Krystal-Kyle-&-Friends,298,2023-09-13,?
Krystal-Kyle-&-Friends_297,Krystal-Kyle-&-Friends,297,2023-09-06,?
Krystal-Kyle-&-Friends_296,Krystal-Kyle-&-Friends,296,2023-08-30,?
Krystal-Kyle-&-Friends_295,Krystal-Kyle-&-Friends,295,2023-08-23,?
Krystal-Kyle-&-Friends_294,Krystal-Kyle-&-Friends,294,2023-08-16,?
Krystal-Kyle-&-Friends_293,Krystal-Kyle-&-Friends,293,2023-08-09,?
Krystal-Kyle-&-Friends_292,Krystal-Kyle-&-Friends,292,2023-08-02,?
Krystal-Kyle-&-Friends_291,Krystal-Kyle-&-Friends,291,2023-07-26,?
Krystal-Kyle-&-Friends_290,Krystal-Kyle-&-Friends,290,2023-07-19,?
Krystal-Kyle-&-Friends_289,Krystal-Kyle-&-Friends,289,2023-07-12,?
Krystal-Kyle-&-Friends_288,Krystal-Kyle-&-Friends,288,2023-07-05,?
Krystal-Kyle-&-Friends_287,Krystal-Kyle-&-Friends,287,2023-06-28,?
Krystal-Kyle-&-Friends_286,Krystal-Kyle-&-Friends,286,2023-06-21,?
Krystal-Kyle-&-Friends_285,Krystal-Kyle-&-Friends,285,2023-06-14,?
Krystal-Kyle-&-Friends_284,Krystal-Kyle-&-Friends,284,2023-06-07,?
Krystal-Kyle-&-Friends_283,Krystal-Kyle-&-Friends,283,2023-05-31,?
Krystal-Kyle-&-Friends_282,Krystal-Kyle-&-Friends,282,2023-05-24,?
Krystal-Kyle-&-Friends_281,Krystal-Kyle-&-Friends,281,2023-05-17,?
Krystal-Kyle-&-Friends_280,Krystal-Kyle-&-Friends,280,2023-05-10,?
Krystal-Kyle-&-Friends_279,Krystal-Kyle-&-Friends,279,2023-05-03,?
Krystal-Kyle-&-Friends_278,Krystal-Kyle-&-Friends,278,2023-04-27,?
Krystal-Kyle-&-Friends_277,Krystal-Kyle-&-Friends,277,2023-04-26,?
Krystal-Kyle-&-Friends_276,Krystal-Kyle-&-Friends,276,2023-04-19,?
Krystal-Kyle-&-Friends_275,Krystal-Kyle-&-Friends,275,2023-04-12,?
Krystal-Kyle-&-Friends_274,Krystal-Kyle-&-Friends,274,2023-04-05,?
Krystal-Kyle-&-Friends_273,Krystal-Kyle-&-Friends,273,2023-03-29,?
Krystal-Kyle-&-Friends_272,Krystal-Kyle-&-Friends,272,2023-03-22,?
Krystal-Kyle-&-Friends_271,Krystal-Kyle-&-Friends,271,2023-03-15,?
Krystal-Kyle-&-Friends_270,Krystal-Kyle-&-Friends,270,2023-03-15,?
Krystal-Kyle-&-Friends_269,Krystal-Kyle-&-Friends,269,2023-03-08,?
Krystal-Kyle-&-Friends_268,Krystal-Kyle-&-Friends,268,2023-03-01,?
Krystal-Kyle-&-Friends_267,Krystal-Kyle-&-Friends,267,2023-02-22,?
Krystal-Kyle-&-Friends_266,Krystal-Kyle-&-Friends,266,2023-02-15,?
Krystal-Kyle-&-Friends_265,Krystal-Kyle-&-Friends,265,2023-02-08,?
Krystal-Kyle-&-Friends_264,Krystal-Kyle-&-Friends,264,2023-02-01,?
Krystal-Kyle-&-Friends_263,Krystal-Kyle-&-Friends,263,2023-01-25,?
Krystal-Kyle-&-Friends_262,Krystal-Kyle-&-Friends,262,2023-01-18,?
Krystal-Kyle-&-Friends_261,Krystal-Kyle-&-Friends,261,2023-01-11,?
Krystal-Kyle-&-Friends_260,Krystal-Kyle-&-Friends,260,2023-01-11,?
Krystal-Kyle-&-Friends_259,Krystal-Kyle-&-Friends,259,2022-12-21,?
Krystal-Kyle-&-Friends_258,Krystal-Kyle-&-Friends,258,2022-12-14,?
Krystal-Kyle-&-Friends_257,Krystal-Kyle-&-Friends,257,2022-12-07,?
Krystal-Kyle-&-Friends_256,Krystal-Kyle-&-Friends,256,2022-11-23,?
Krystal-Kyle-&-Friends_255,Krystal-Kyle-&-Friends,255,2022-11-16,?
Krystal-Kyle-&-Friends_254,Krystal-Kyle-&-Friends,254,2022-11-09,?
Krystal-Kyle-&-Friends_253,Krystal-Kyle-&-Friends,253,2022-11-02,?
Krystal-Kyle-&-Friends_252,Krystal-Kyle-&-Friends,252,2022-10-26,?
Krystal-Kyle-&-Friends_251,Krystal-Kyle-&-Friends,251,2022-10-19,?
Krystal-Kyle-&-Friends_250,Krystal-Kyle-&-Friends,250,2022-10-12,?
Krystal-Kyle-&-Friends_249,Krystal-Kyle-&-Friends,249,2022-10-05,?
Krystal-Kyle-&-Friends_248,Krystal-Kyle-&-Friends,248,2022-09-28,?
Krystal-Kyle-&-Friends_247,Krystal-Kyle-&-Friends,247,2022-09-21,?
Krystal-Kyle-&-Friends_246,Krystal-Kyle-&-Friends,246,2022-09-14,?
Krystal-Kyle-&-Friends_245,Krystal-Kyle-&-Friends,245,2022-09-07,?
Krystal-Kyle-&-Friends_244,Krystal-Kyle-&-Friends,244,2022-08-31,?
Krystal-Kyle-&-Friends_243,Krystal-Kyle-&-Friends,243,2022-08-24,?
Krystal-Kyle-&-Friends_242,Krystal-Kyle-&-Friends,242,2022-08-17,?
Krystal-Kyle-&-Friends_241,Krystal-Kyle-&-Friends,241,2022-08-10,?
Krystal-Kyle-&-Friends_240,Krystal-Kyle-&-Friends,240,2022-08-03,?
Krystal-Kyle-&-Friends_239,Krystal-Kyle-&-Friends,239,2022-07-27,?
Krystal-Kyle-&-Friends_238,Krystal-Kyle-&-Friends,238,2022-07-20,?
Krystal-Kyle-&-Friends_237,Krystal-Kyle-&-Friends,237,2022-07-13,?
Krystal-Kyle-&-Friends_236,Krystal-Kyle-&-Friends,236,2022-06-29,?
Krystal-Kyle-&-Friends_235,Krystal-Kyle-&-Friends,235,2022-06-22,?
Krystal-Kyle-&-Friends_234,Krystal-Kyle-&-Friends,234,2022-06-15,?
Krystal-Kyle-&-Friends_233,Krystal-Kyle-&-Friends,233,2022-06-01,?
Krystal-Kyle-&-Friends_232,Krystal-Kyle-&-Friends,232,2022-05-25,?
Krystal-Kyle-&-Friends_231,Krystal-Kyle-&-Friends,231,2022-05-18,?
Krystal-Kyle-&-Friends_230,Krystal-Kyle-&-Friends,230,2022-05-11,?
Krystal-Kyle-&-Friends_229,Krystal-Kyle-&-Friends,229,2022-05-04,?
Krystal-Kyle-&-Friends_228,Krystal-Kyle-&-Friends,228,2022-04-27,?
Krystal-Kyle-&-Friends_227,Krystal-Kyle-&-Friends,227,2022-04-20,?
Krystal-Kyle-&-Friends_226,Krystal-Kyle-&-Friends,226,2022-04-13,?
Krystal-Kyle-&-Friends_225,Krystal-Kyle-&-Friends,225,2022-04-06,?
Krystal-Kyle-&-Friends_224,Krystal-Kyle-&-Friends,224,2022-03-30,?
Krystal-Kyle-&-Friends_223,Krystal-Kyle-&-Friends,223,2022-03-23,?
Krystal-Kyle-&-Friends_222,Krystal-Kyle-&-Friends,222,2022-03-16,?
Krystal-Kyle-&-Friends_221,Krystal-Kyle-&-Friends,221,2022-03-09,?
Krystal-Kyle-&-Friends_220,Krystal-Kyle-&-Friends,220,2022-03-02,?
Krystal-Kyle-&-Friends_219,Krystal-Kyle-&-Friends,219,2022-02-23,?
Krystal-Kyle-&-Friends_218,Krystal-Kyle-&-Friends,218,2022-02-16,?
Krystal-Kyle-&-Friends_217,Krystal-Kyle-&-Friends,217,2022-02-09,?
Krystal-Kyle-&-Friends_216,Krystal-Kyle-&-Friends,216,2022-02-02,?
Krystal-Kyle-&-Friends_215,Krystal-Kyle-&-Friends,215,2022-01-26,?
Krystal-Kyle-&-Friends_214,Krystal-Kyle-&-Friends,214,2022-01-19,?
Krystal-Kyle-&-Friends_213,Krystal-Kyle-&-Friends,213,2022-01-12,?
Krystal-Kyle-&-Friends_212,Krystal-Kyle-&-Friends,212,2022-01-05,?
Krystal-Kyle-&-Friends_211,Krystal-Kyle-&-Friends,211,2021-12-15,?
Krystal-Kyle-&-Friends_210,Krystal-Kyle-&-Friends,210,2021-12-08,?
Krystal-Kyle-&-Friends_209,Krystal-Kyle-&-Friends,209,2021-12-01,?
Krystal-Kyle-&-Friends_208,Krystal-Kyle-&-Friends,208,2021-11-24,?
Krystal-Kyle-&-Friends_207,Krystal-Kyle-&-Friends,207,2021-11-17,?
Krystal-Kyle-&-Friends_206,Krystal-Kyle-&-Friends,206,2021-11-10,?
Krystal-Kyle-&-Friends_205,Krystal-Kyle-&-Friends,205,2021-11-03,?
Krystal-Kyle-&-Friends_204,Krystal-Kyle-&-Friends,204,2021-10-27,?
Krystal-Kyle-&-Friends_203,Krystal-Kyle-&-Friends,203,2021-10-20,?
Krystal-Kyle-&-Friends_202,Krystal-Kyle-&-Friends,202,2021-10-13,?
Krystal-Kyle-&-Friends_201,Krystal-Kyle-&-Friends,201,2021-10-06,?
Krystal-Kyle-&-Friends_200,Krystal-Kyle-&-Friends,200,2021-09-29,?
Krystal-Kyle-&-Friends_199,Krystal-Kyle-&-Friends,199,2021-09-22,?
Krystal-Kyle-&-Friends_198,Krystal-Kyle-&-Friends,198,2021-09-15,?
Krystal-Kyle-&-Friends_197,Krystal-Kyle-&-Friends,197,2021-09-08,?
Krystal-Kyle-&-Friends_196,Krystal-Kyle-&-Friends,196,2021-09-01,?
Krystal-Kyle-&-Friends_195,Krystal-Kyle-&-Friends,195,2021-08-25,?
Krystal-Kyle-&-Friends_194,Krystal-Kyle-&-Friends,194,2021-08-18,?
Krystal-Kyle-&-Friends_193,Krystal-Kyle-&-Friends,193,2021-08-11,?
Krystal-Kyle-&-Friends_192,Krystal-Kyle-&-Friends,192,2021-08-04,?
Krystal-Kyle-&-Friends_191,Krystal-Kyle-&-Friends,191,2021-07-28,?
Krystal-Kyle-&-Friends_190,Krystal-Kyle-&-Friends,190,2021-07-21,?
Krystal-Kyle-&-Friends_189,Krystal-Kyle-&-Friends,189,2021-07-14,?
Krystal-Kyle-&-Friends_188,Krystal-Kyle-&-Friends,188,2021-07-07,?
Krystal-Kyle-&-Friends_187,Krystal-Kyle-&-Friends,187,2021-06-30,?
Krystal-Kyle-&-Friends_186,Krystal-Kyle-&-Friends,186,2021-06-23,?
Krystal-Kyle-&-Friends_185,Krystal-Kyle-&-Friends,185,2021-06-16,?
Krystal-Kyle-&-Friends_184,Krystal-Kyle-&-Friends,184,2021-06-09,?
Krystal-Kyle-&-Friends_183,Krystal-Kyle-&-Friends,183,2021-06-02,?
Krystal-Kyle-&-Friends_182,Krystal-Kyle-&-Friends,182,2021-05-26,?
Krystal-Kyle-&-Friends_181,Krystal-Kyle-&-Friends,181,2021-05-19,?
Krystal-Kyle-&-Friends_180,Krystal-Kyle-&-Friends,180,2021-05-12,?
Krystal-Kyle-&-Friends_179,Krystal-Kyle-&-Friends,179,2021-05-05,?
Krystal-Kyle-&-Friends_178,Krystal-Kyle-&-Friends,178,2021-04-28,?
Krystal-Kyle-&-Friends_177,Krystal-Kyle-&-Friends,177,2021-04-21,?
Krystal-Kyle-&-Friends_176,Krystal-Kyle-&-Friends,176,2021-04-14,?
Krystal-Kyle-&-Friends_175,Krystal-Kyle-&-Friends,175,2021-04-07,?
Krystal-Kyle-&-Friends_174,Krystal-Kyle-&-Friends,174,2021-03-31,?
Krystal-Kyle-&-Friends_173,Krystal-Kyle-&-Friends,173,2021-03-24,?
Krystal-Kyle-&-Friends_172,Krystal-Kyle-&-Friends,172,2021-03-17,?
Krystal-Kyle-&-Friends_171,Krystal-Kyle-&-Friends,171,2021-03-10,?
Krystal-Kyle-&-Friends_170,Krystal-Kyle-&-Friends,170,2021-03-03,?
Krystal-Kyle-&-Friends_169,Krystal-Kyle-&-Friends,169,2021-02-24,?
Krystal-Kyle-&-Friends_168,Krystal-Kyle-&-Friends,168,2021-02-17,?
Krystal-Kyle-&-Friends_167,Krystal-Kyle-&-Friends,167,2021-02-10,?
Krystal-Kyle-&-Friends_166,Krystal-Kyle-&-Friends,166,2021-02-03,?
Krystal-Kyle-&-Friends_165,Krystal-Kyle-&-Friends,165,2021-01-27,?
Krystal-Kyle-&-Friends_164,Krystal-Kyle-&-Friends,164,2021-01-20,?
Krystal-Kyle-&-Friends_163,Krystal-Kyle-&-Friends,163,2021-01-13,?
Krystal-Kyle-&-Friends_162,Krystal-Kyle-&-Friends,162,2021-01-06,?
Krystal-Kyle-&-Friends_161,Krystal-Kyle-&-Friends,161,2020-12-23,?
Krystal-Kyle-&-Friends_160,Krystal-Kyle-&-Friends,160,2020-12-16,?
Krystal-Kyle-&-Friends_159,Krystal-Kyle-&-Friends,159,2020-12-09,?
Krystal-Kyle-&-Friends_158,Krystal-Kyle-&-Friends,158,2020-12-02,?
Krystal-Kyle-&-Friends_157,Krystal-Kyle-&-Friends,157,2020-11-25,?
Krystal-Kyle-&-Friends_156,Krystal-Kyle-&-Friends,156,2020-11-18,?
Krystal-Kyle-&-Friends_155,Krystal-Kyle-&-Friends,155,2020-11-11,?
Krystal-Kyle-&-Friends_154,Krystal-Kyle-&-Friends,154,2020-11-03,?
Krystal-Kyle-&-Friends_153,Krystal-Kyle-&-Friends,153,2020-10-28,?
Krystal-Kyle-&-Friends_152,Krystal-Kyle-&-Friends,152,2020-10-21,?
Krystal-Kyle-&-Friends_151,Krystal-Kyle-&-Friends,151,2020-10-14,?
Krystal-Kyle-&-Friends_150,Krystal-Kyle-&-Friends,150,2020-10-07,?
Krystal-Kyle-&-Friends_149,Krystal-Kyle-&-Friends,149,2020-09-30,?
Krystal-Kyle-&-Friends_148,Krystal-Kyle-&-Friends,148,2020-09-23,?
Krystal-Kyle-&-Friends_147,Krystal-Kyle-&-Friends,147,2020-09-16,?
Krystal-Kyle-&-Friends_146,Krystal-Kyle-&-Friends,146,2020-09-09,?
Krystal-Kyle-&-Friends_145,Krystal-Kyle-&-Friends,145,2020-09-02,?
Krystal-Kyle-&-Friends_144,Krystal-Kyle-&-Friends,144,2020-08-26,?
Krystal-Kyle-&-Friends_143,Krystal-Kyle-&-Friends,143,2020-08-19,?
Krystal-Kyle-&-Friends_142,Krystal-Kyle-&-Friends,142,2020-08-12,?
Krystal-Kyle-&-Friends_141,Krystal-Kyle-&-Friends,141,2020-08-05,?
Krystal-Kyle-&-Friends_140,Krystal-Kyle-&-Friends,140,2020-07-29,?
Krystal-Kyle-&-Friends_139,Krystal-Kyle-&-Friends,139,2020-07-22,?
Krystal-Kyle-&-Friends_138,Krystal-Kyle-&-Friends,138,2020-07-15,?
Krystal-Kyle-&-Friends_137,Krystal-Kyle-&-Friends,137,2020-07-08,?
Krystal-Kyle-&-Friends_136,Krystal-Kyle-&-Friends,136,2020-07-01,?
Krystal-Kyle-&-Friends_135,Krystal-Kyle-&-Friends,135,2020-06-24,?
Krystal-Kyle-&-Friends_134,Krystal-Kyle-&-Friends,134,2020-06-17,?
Krystal-Kyle-&-Friends_133,Krystal-Kyle-&-Friends,133,2020-06-10,?
Krystal-Kyle-&-Friends_132,Krystal-Kyle-&-Friends,132,2020-06-03,?
Krystal-Kyle-&-Friends_131,Krystal-Kyle-&-Friends,131,2020-05-27,?
Krystal-Kyle-&-Friends_130,Krystal-Kyle-&-Friends,130,2020-05-20,?
Krystal-Kyle-&-Friends_129,Krystal-Kyle-&-Friends,129,2020-05-13,?
Krystal-Kyle-&-Friends_128,Krystal-Kyle-&-Friends,128,2020-05-06,?
Krystal-Kyle-&-Friends_127,Krystal-Kyle-&-Friends,127,2020-04-29,?
Krystal-Kyle-&-Friends_126,Krystal-Kyle-&-Friends,126,2020-04-22,?
Krystal-Kyle-&-Friends_125,Krystal-Kyle-&-Friends,125,2020-04-15,?
Krystal-Kyle-&-Friends_124,Krystal-Kyle-&-Friends,124,2020-04-08,?
Krystal-Kyle-&-Friends_123,Krystal-Kyle-&-Friends,123,2020-04-01,?
Krystal-Kyle-&-Friends_122,Krystal-Kyle-&-Friends,122,2020-03-25,?
Krystal-Kyle-&-Friends_121,Krystal-Kyle-&-Friends,121,2020-03-18,?
Krystal-Kyle-&-Friends_120,Krystal-Kyle-&-Friends,120,2020-03-11,?
Krystal-Kyle-&-Friends_119,Krystal-Kyle-&-Friends,119,2020-03-04,?
Krystal-Kyle-&-Friends_118,Krystal-Kyle-&-Friends,118,2020-02-26,?
Krystal-Kyle-&-Friends_117,Krystal-Kyle-&-Friends,117,2020-02-19,?
Krystal-Kyle-&-Friends_116,Krystal-Kyle-&-Friends,116,2020-02-12,?
Krystal-Kyle-&-Friends_115,Krystal-Kyle-&-Friends,115,2020-02-05,?
Krystal-Kyle-&-Friends_114,Krystal-Kyle-&-Friends,114,2020-01-29,?
Krystal-Kyle-&-Friends_113,Krystal-Kyle-&-Friends,113,2020-01-22,?
Krystal-Kyle-&-Friends_112,Krystal-Kyle-&-Friends,112,2020-01-15,?
Krystal-Kyle-&-Friends_111,Krystal-Kyle-&-Friends,111,2020-01-08,?
Krystal-Kyle-&-Friends_110,Krystal-Kyle-&-Friends,110,2019-12-25,?
Krystal-Kyle-&-Friends_109,Krystal-Kyle-&-Friends,109,2019-12-18,?
Krystal-Kyle-&-Friends_108,Krystal-Kyle-&-Friends,108,2019-12-11,?
Krystal-Kyle-&-Friends_107,Krystal-Kyle-&-Friends,107,2019-12-04,?
Krystal-Kyle-&-Friends_106,Krystal-Kyle-&-Friends,106,2019-11-27,?
Krystal-Kyle-&-Friends_105,Krystal-Kyle-&-Friends,105,2019-11-20,?
Krystal-Kyle-&-Friends_104,Krystal-Kyle-&-Friends,104,2019-11-13,?
Krystal-Kyle-&-Friends_103,Krystal-Kyle-&-Friends,103,2019-11-06,?
Krystal-Kyle-&-Friends_102,Krystal-Kyle-&-Friends,102,2019-10-30,?
Krystal-Kyle-&-Friends_101,Krystal-Kyle-&-Friends,101,2019-10-23,?
Krystal-Kyle-&-Friends_100,Krystal-Kyle-&-Friends,100,2019-10-16,?
Krystal-Kyle-&-Friends_99,Krystal-Kyle-&-Friends,99,2019-10-09,?
Krystal-Kyle-&-Friends_98,Krystal-Kyle-&-Friends,98,2019-10-02,?
Krystal-Kyle-&-Friends_97,Krystal-Kyle-&-Friends,97,2019-09-25,?
Krystal-Kyle-&-Friends_96,Krystal-Kyle-&-Friends,96,2019-09-18,?
Krystal-Kyle-&-Friends_95,Krystal-Kyle-&-Friends,95,2019-09-11,?
Krystal-Kyle-&-Friends_94,Krystal-Kyle-&-Friends,94,2019-09-04,?
Krystal-Kyle-&-Friends_93,Krystal-Kyle-&-Friends,93,2019-08-28,?
Krystal-Kyle-&-Friends_92,Krystal-Kyle-&-Friends,92,2019-08-21,?
Krystal-Kyle-&-Friends_91,Krystal-Kyle-&-Friends,91,2019-08-14,?
Krystal-Kyle-&-Friends_90,Krystal-Kyle-&-Friends,90,2019-08-07,?
Krystal-Kyle-&-Friends_89,Krystal-Kyle-&-Friends,89,2019-07-31,?
Krystal-Kyle-&-Friends_88,Krystal-Kyle-&-Friends,88,2019-07-24,?
Krystal-Kyle-&-Friends_87,Krystal-Kyle-&-Friends,87,2019-07-17,?
Krystal-Kyle-&-Friends_86,Krystal-Kyle-&-Friends,86,2019-07-10,?
Krystal-Kyle-&-Friends_85,Krystal-Kyle-&-Friends,85,2019-07-03,?
Krystal-Kyle-&-Friends_84,Krystal-Kyle-&-Friends,84,2019-06-26,?
Krystal-Kyle-&-Friends_83,Krystal-Kyle-&-Friends,83,2019-06-19,?
Krystal-Kyle-&-Friends_82,Krystal-Kyle-&-Friends,82,2019-06-12,?
Krystal-Kyle-&-Friends_81,Krystal-Kyle-&-Friends,81,2019-06-05,?
Krystal-Kyle-&-Friends_80,Krystal-Kyle-&-Friends,80,2019-05-29,?
Krystal-Kyle-&-Friends_79,Krystal-Kyle-&-Friends,79,2019-05-22,?
Krystal-Kyle-&-Friends_78,Krystal-Kyle-&-Friends,78,2019-05-17,?
Krystal-Kyle-&-Friends_77,Krystal-Kyle-&-Friends,77,2019-05-15,?
Krystal-Kyle-&-Friends_76,Krystal-Kyle-&-Friends,76,2019-05-08,?
Krystal-Kyle-&-Friends_75,Krystal-Kyle-&-Friends,75,2019-05-01,?
Krystal-Kyle-&-Friends_74,Krystal-Kyle-&-Friends,74,2019-04-24,?
Krystal-Kyle-&-Friends_73,Krystal-Kyle-&-Friends,73,2019-04-17,?
Krystal-Kyle-&-Friends_72,Krystal-Kyle-&-Friends,72,2019-04-10,?
Krystal-Kyle-&-Friends_71,Krystal-Kyle-&-Friends,71,2019-04-03,?
Krystal-Kyle-&-Friends_70,Krystal-Kyle-&-Friends,70,2019-03-29,?
Krystal-Kyle-&-Friends_69,Krystal-Kyle-&-Friends,69,2019-03-27,?
Krystal-Kyle-&-Friends_68,Krystal-Kyle-&-Friends,68,2019-03-22,?
Krystal-Kyle-&-Friends_67,Krystal-Kyle-&-Friends,67,2019-03-20,?
Krystal-Kyle-&-Friends_66,Krystal-Kyle-&-Friends,66,2019-03-15,?
Krystal-Kyle-&-Friends_65,Krystal-Kyle-&-Friends,65,2019-03-13,?
Krystal-Kyle-&-Friends_64,Krystal-Kyle-&-Friends,64,2019-03-08,?
Krystal-Kyle-&-Friends_63,Krystal-Kyle-&-Friends,63,2019-03-06,?
Krystal-Kyle-&-Friends_62,Krystal-Kyle-&-Friends,62,2019-03-01,?
Krystal-Kyle-&-Friends_61,Krystal-Kyle-&-Friends,61,2019-02-27,?
Krystal-Kyle-&-Friends_60,Krystal-Kyle-&-Friends,60,2019-02-22,?
Krystal-Kyle-&-Friends_59,Krystal-Kyle-&-Friends,59,2019-02-20,?
Krystal-Kyle-&-Friends_58,Krystal-Kyle-&-Friends,58,2019-02-13,?
Krystal-Kyle-&-Friends_57,Krystal-Kyle-&-Friends,57,2019-02-06,?
Krystal-Kyle-&-Friends_56,Krystal-Kyle-&-Friends,56,2019-01-30,?
Krystal-Kyle-&-Friends_55,Krystal-Kyle-&-Friends,55,2019-01-23,?
Krystal-Kyle-&-Friends_54,Krystal-Kyle-&-Friends,54,2019-01-16,?
Krystal-Kyle-&-Friends_53,Krystal-Kyle-&-Friends,53,2019-01-09,?
Krystal-Kyle-&-Friends_52,Krystal-Kyle-&-Friends,52,2018-12-26,?
Krystal-Kyle-&-Friends_51,Krystal-Kyle-&-Friends,51,2018-12-19,?
Krystal-Kyle-&-Friends_50,Krystal-Kyle-&-Friends,50,2018-12-12,?
Krystal-Kyle-&-Friends_49,Krystal-Kyle-&-Friends,49,2018-12-05,?
Krystal-Kyle-&-Friends_48,Krystal-Kyle-&-Friends,48,2018-11-28,?
Krystal-Kyle-&-Friends_47,Krystal-Kyle-&-Friends,47,2018-11-21,?
Krystal-Kyle-&-Friends_46,Krystal-Kyle-&-Friends,46,2018-11-14,?
Krystal-Kyle-&-Friends_45,Krystal-Kyle-&-Friends,45,2018-11-07,?
Krystal-Kyle-&-Friends_44,Krystal-Kyle-&-Friends,44,2018-10-31,?
Krystal-Kyle-&-Friends_43,Krystal-Kyle-&-Friends,43,2018-10-24,?
Krystal-Kyle-&-Friends_42,Krystal-Kyle-&-Friends,42,2018-10-17,?
Krystal-Kyle-&-Friends_41,Krystal-Kyle-&-Friends,41,2018-10-10,?
Krystal-Kyle-&-Friends_40,Krystal-Kyle-&-Friends,40,2018-10-03,?
Krystal-Kyle-&-Friends_39,Krystal-Kyle-&-Friends,39,2018-09-26,?
Krystal-Kyle-&-Friends_38,Krystal-Kyle-&-Friends,38,2018-09-19,?
Krystal-Kyle-&-Friends_37,Krystal-Kyle-&-Friends,37,2018-09-12,?
Krystal-Kyle-&-Friends_36,Krystal-Kyle-&-Friends,36,2018-09-05,?
Krystal-Kyle-&-Friends_35,Krystal-Kyle-&-Friends,35,2018-08-29,?
Krystal-Kyle-&-Friends_34,Krystal-Kyle-&-Friends,34,2018-08-22,?
Krystal-Kyle-&-Friends_33,Krystal-Kyle-&-Friends,33,2018-08-15,?
Krystal-Kyle-&-Friends_32,Krystal-Kyle-&-Friends,32,2018-08-08,?
Krystal-Kyle-&-Friends_31,Krystal-Kyle-&-Friends,31,2018-08-01,?
Krystal-Kyle-&-Friends_30,Krystal-Kyle-&-Friends,30,2018-07-25,?
Krystal-Kyle-&-Friends_29,Krystal-Kyle-&-Friends,29,2018-07-18,?
Krystal-Kyle-&-Friends_28,Krystal-Kyle-&-Friends,28,2018-07-11,?
Krystal-Kyle-&-Friends_27,Krystal-Kyle-&-Friends,27,2018-07-04,?
Krystal-Kyle-&-Friends_26,Krystal-Kyle-&-Friends,26,2018-06-27,?
Krystal-Kyle-&-Friends_25,Krystal-Kyle-&-Friends,25,2018-06-20,?
Krystal-Kyle-&-Friends_24,Krystal-Kyle-&-Friends,24,2018-06-13,?
Krystal-Kyle-&-Friends_23,Krystal-Kyle-&-Friends,23,2018-06-06,?
Krystal-Kyle-&-Friends_22,Krystal-Kyle-&-Friends,22,2018-05-30,?
Krystal-Kyle-&-Friends_21,Krystal-Kyle-&-Friends,21,2018-05-23,?
Krystal-Kyle-&-Friends_20,Krystal-Kyle-&-Friends,20,2018-05-16,?
Krystal-Kyle-&-Friends_19,Krystal-Kyle-&-Friends,19,2018-05-09,?
Krystal-Kyle-&-Friends_18,Krystal-Kyle-&-Friends,18,2018-05-02,?
Krystal-Kyle-&-Friends_17,Krystal-Kyle-&-Friends,17,2018-04-25,?
Krystal-Kyle-&-Friends_16,Krystal-Kyle-&-Friends,16,2018-04-18,?
Krystal-Kyle-&-Friends_15,Krystal-Kyle-&-Friends,15,2018-04-11,?
Krystal-Kyle-&-Friends_14,Krystal-Kyle-&-Friends,14,2018-04-04,?
Krystal-Kyle-&-Friends_13,Krystal-Kyle-&-Friends,13,2018-03-28,?
Krystal-Kyle-&-Friends_12,Krystal-Kyle-&-Friends,12,2018-03-21,?
Krystal-Kyle-&-Friends_11,Krystal-Kyle-&-Friends,11,2018-03-14,?
Krystal-Kyle-&-Friends_10,Krystal-Kyle-&-Friends,10,2018-03-07,?
Krystal-Kyle-&-Friends_9,Krystal-Kyle-&-Friends,9,2018-02-28,?
Krystal-Kyle-&-Friends_8,Krystal-Kyle-&-Friends,8,2018-02-21,?
Krystal-Kyle-&-Friends_7,Krystal-Kyle-&-Friends,7,2018-02-14,?
Krystal-Kyle-&-Friends_6,Krystal-Kyle-&-Friends,6,2018-02-07,?
Krystal-Kyle-&-Friends_5,Krystal-Kyle-&-Friends,5,2018-01-31,?
Krystal-Kyle-&-Friends_4,Krystal-Kyle-&-Friends,4,2018-01-24,?
Krystal-Kyle-&-Friends_3,Krystal-Kyle-&-Friends,3,2018-01-17,?
Krystal-Kyle-&-Friends_2,Krystal-Kyle-&-Friends,2,2018-01-10,?
Krystal-Kyle-&-Friends_1,Krystal-Kyle-&-Friends,1,2017-12-12,?
