11-04-20,12-22-20,01-09-21,01-23-21,04-13-21,04-17-21,06-17-21,09-22-21,09-28-21,10-30-21,11-02-21,11-17-21,02-04-22,06-14-22,07-18-22,08-18-22,09-22-22,03-27-23,04-27-23,05-19-23,01-03-24,02-12-24,03-01-24,03-17-24,03-30-24,04-09-24,08-09-24,09-17-24,09-28-24,10-24-24,11-5-24
FiveThirtyEight Politics,Bannon's War Room,Pod Save America,Pod Save America,Candace,Pod Save America,Breaking Points,Southlake,Southlake,Pod Save America,The Breitbart News Daily Podcast,The PoliticsGirl Podcast,Pod Save America,Pod Save America,Pod Save America,Pod Save America,Candace Owens,Pod Save America,Pod Save America,Pod Save America,The NPR Politics Podcast,Pod Save America,Pod Save America,Pod Save America,Pod Save America,Pod Save America,Pod Save America,Pod Save America,Pod Save America,Pod Save America,Pod Save America
The NPR Politics Podcast,Pod Save America,The NPR Politics Podcast,How It Happened,Pod Save America,Candace,Pod Save America,Human Events Daily with Jack Posobiec,Pod Save America,Bannon's War Room,Pod Save America,Pod Save America,Bannon's War Room,Bannon’s War Room,Bannon`s War Room,Bannon`s War Room,Pod Save America,Let's Find Common Ground,Candace Owens,Let's Find Common Ground,Jack,Prosecuting Donald Trump,Candace Owens,Candace Owens,The Bulwark Podcast,So to Speak: The Free Speech Podcast,The Bulwark Podcast,How to Win 2024,Candace,Candace,The Bulwark Podcast
Pod Save America,The NPR Politics Podcast,Bannon's War Room,The NPR Politics Podcast,Louder with Crowder,The NPR Politics Podcast,Bannon's War Room,Pod Save America,Human Events Daily with Jack Posobiec,Human Events Daily with Jack Posobiec,Bannon's War Room,Bannon's War Room,Louder with Crowder,The NPR Politics Podcast,Lovett or Leave It,The NPR Politics Podcast,Bannon`s War Room,The Al Franken Podcast,Pod Save the UK,Candace Owens,Verdict with Ted Cruz,The NPR Politics Podcast,The NPR Politics Podcast,Bannon`s War Room,Prosecuting Donald Trump,The Bulwark Podcast,The NPR Politics Podcast,The Bulwark Podcast,The Bulwark Podcast,The Bulwark Podcast,The NPR Politics Podcast
The Rush Limbaugh Show,Bag Man,The Rush Limbaugh Show,Bannon's War Room,The NPR Politics Podcast,Louder with Crowder,Louder with Crowder,Bannon's War Room,Bannon's War Room,Louder with Crowder,Louder with Crowder,The NPR Politics Podcast,Candace,Candace,The NPR Politics Podcast,Louder with Crowder,The Run-Up,Bannon`s War Room,Bannon`s War Room,Pod Save the UK,Pod Save America,Bannon`s War Room,The Bulwark Podcast,The Bulwark Podcast,Bannon`s War Room,The NPR Politics Podcast,Candace,Candace,The NPR Politics Podcast,The NPR Politics Podcast,Tangle
The Lincoln Project,The Rush Limbaugh Show,FiveThirtyEight Politics,The Rush Limbaugh Show,Fever Dreams,Bannon's War Room,The NPR Politics Podcast,Morning Wire,The Clay Travis and Buck Sexton Show,Southlake,Human Events Daily with Jack Posobiec,Human Events Daily with Jack Posobiec,The NPR Politics Podcast,Louder with Crowder,The Al Franken Podcast,Pod Save the World,The Wilderness,Candace Owens,Breaking Points with Krystal and Saagar,Bannon`s War Room,Bannon`s War Room,Candace Owens,Straight White American Jesus,The NPR Politics Podcast,So to Speak: The Free Speech Podcast,The Victor Davis Hanson Show,FiveThirtyEight Politics,The Home Front,Autocracy in America,Raging Moderates with Scott Galloway and Jessica Tarlov,Bannon`s War Room
Hacks on Tap with David Axelrod and Mike Murphy,Lovett or Leave It,Rudy Giuliani's Common Sense,FiveThirtyEight Politics,Bannon's War Room,Tim Pool Daily Show,Office Hours,The Focus Group with Sarah Longwell,Louder with Crowder,The NPR Politics Podcast,Breaking Points with Krystal and Saagar,Louder with Crowder,Breaking Points with Krystal and Saagar,Breaking Points with Krystal and Saagar,#SistersInLaw,The Chris Cuomo Project,The NPR Politics Podcast,The NPR Politics Podcast,The Run-Up,Breaking Points with Krystal and Saagar,The MeidasTouch Podcast,The Bulwark Podcast,Bannon`s War Room,The Victor Davis Hanson Show,Candace Owens,Prosecuting Donald Trump,Pod Save the World,We Live Here Now,The Rest Is Politics: US,Impolitic with John Heilemann,Candace
Kamala: Next in Line,The Lincoln Project,Stay Tuned with Preet,Hold These Truths with Dan Crenshaw,Lovett or Leave It,FiveThirtyEight Politics,Candace,Louder with Crowder,Candace,Breaking Points with Krystal and Saagar,Southlake,The Dishcast with Andrew Sullivan,The Clay Travis and Buck Sexton Show,The President's Daily Brief,The Lincoln Project,The Bulwark Podcast,Pod Save the World,Louder with Crowder,Louder with Crowder,The Bulwark Podcast,The Victor Davis Hanson Show,Verdict with Ted Cruz,Letters from an American,Verdict with Ted Cruz,The NPR Politics Podcast,Bannon`s War Room,Impolitic with John Heilemann,Autocracy in America,We Live Here Now,Letters from an American,Fire and Fury - The Podcast
Tim Pool Daily Show,Pod Save the World,Morning Joe,The MeidasTouch Podcast,In Front of Our Eyes,The Lincoln Project,Pod Save the World,The NPR Politics Podcast,The NPR Politics Podcast,The Clay Travis and Buck Sexton Show,The NPR Politics Podcast,Breaking Points with Krystal and Saagar,Pod Save the World,Lovett or Leave It,Candace,Countdown with Keith Olbermann,Louder with Crowder,The Bulwark Podcast,The Bulwark Podcast,Verdict with Ted Cruz,Human Events Daily with Jack Posobiec,The Victor Davis Hanson Show,Prosecuting Donald Trump,Prosecuting Donald Trump,Deadline: White House,Verdict with Ted Cruz,IHIP News,The NPR Politics Podcast,So to Speak: The Free Speech Podcast,The MeidasTouch Podcast,Letters from an American
Q Clearance: The Hunt for QAnon,Tim Pool Daily Show,Hold These Truths with Dan Crenshaw,The Lincoln Project,Mea Culpa with Michael Cohen,Stay Tuned with Preet,No Compromise,Candace,The Focus Group with Sarah Longwell,Candace,Candace,Candace,American Radical,Ruthless,The Victor Davis Hanson Show,Breaking Points with Krystal and Saagar,Deadline: White House,Breaking Points with Krystal and Saagar,Let's Find Common Ground,Louder with Crowder,#SistersInLaw,George Conway Explains It All (To Sarah Longwell),The President's Daily Brief,Letters from an American,All In with Chris Hayes,#SistersInLaw,The MeidasTouch Podcast,Hacks On Tap,The President's Daily Brief,Pod Save the World,The Rest Is Politics: US
The Al Franken Podcast,Verdict with Ted Cruz,The Lincoln Project,BardsFM,Hold These Truths with Dan Crenshaw,Morning Joe,FiveThirtyEight Politics,Breaking Points with Krystal and Saagar,Breaking Points with Krystal and Saagar,The Stew Peters Show,The Clay Travis and Buck Sexton Show,Tim Pool Daily Show,Deadline: White House,The Clay Travis and Buck Sexton Show,The Bulwark Podcast,The Clay Travis and Buck Sexton Show,The Bulwark Podcast,Stay Free with Russell Brand,Prosecuting Donald Trump,Prosecuting Donald Trump,The Run-Up,#SistersInLaw,Deadline: White House,Deadline: White House,The Victor Davis Hanson Show,Jack,Justice By Design,Impolitic with John Heilemann,Nikki Haley Live,Tim Pool Daily News,FiveThirtyEight Politics
Bannon's War Room,No Lie with Brian Tyler Cohen,Mea Culpa with Michael Cohen,Stay Tuned with Preet,FiveThirtyEight Politics,Political Gabfest,Q Clearance: The Hunt for QAnon,The Clay Travis and Buck Sexton Show,FiveThirtyEight Politics,Morning Joe,Lovett or Leave It,The Clay Travis and Buck Sexton Show,FiveThirtyEight Politics,No Lie with Brian Tyler Cohen,Breaking Points with Krystal and Saagar,FiveThirtyEight Politics,All In with Chris Hayes,#SistersInLaw,Deadline: White House,Deadline: White House,FiveThirtyEight Politics,Pod Save the World,The Run-Up,All In with Chris Hayes,Pod Save the World,The MeidasTouch Podcast,Breaking Points with Krystal and Saagar,The Al Franken Podcast,The MeidasTouch Podcast,Ruthless Podcast,Hacks On Tap
The Dishcast,Rudy Giuliani's Common Sense,Hodgetwins,Pod Save the World,Tim Pool Daily Show,Hodgetwins,Morning Joe,The Benny Show,The Al Franken Podcast,Political Gabfest,The Joe Mobley Show,Southlake,Tim Pool Daily Show,No Compromise,The Clay Travis and Buck Sexton Show,Verdict with Ted Cruz,Verdict with Ted Cruz,The Victor Davis Hanson Show,The Clay Travis and Buck Sexton Show,Pod Save the World,Prosecuting Donald Trump,The MeidasTouch Podcast,Politix,Pod Save the World,Countdown with Keith Olbermann,Pod Save the World,Deadline: White House,The Rest Is Politics: US,Deadline: White House,The President's Daily Brief,The Run-Up
Lovett or Leave It,John Solomon Reports,Verdict with Ted Cruz,The Dershow,Hodgetwins,Deadline: White House,The Lincoln Project,The Ben Ferguson Podcast,Lovett or Leave It,FiveThirtyEight Politics,No Compromise,Morning Joe,Morning Joe,The Bulwark Podcast,X22 Report,The PoliticsGirl Podcast,The Clay Travis and Buck Sexton Show,Jack,Future of Freedom,Countdown with Keith Olbermann,The Al Franken Podcast,The Run-Up,Jack,The MeidasTouch Podcast,Louder with Crowder,The Run-Up,Hacks On Tap,Velshi Banned Book Club,Pod Save the World,FiveThirtyEight Politics,The MeidasTouch Podcast
Verdict with Ted Cruz,Hold These Truths with Dan Crenshaw,Tim Pool Daily Show,No Compromise,#SistersInLaw,All In with Chris Hayes,Tim Pool Daily Show,Tim Pool Daily Show,The Stew Peters Show,Pod Save the World,The Al Franken Podcast,Deadline: White House,Human Events Daily with Jack Posobiec,The Victor Davis Hanson Show,Pod Save the World,Human Events Daily with Jack Posobiec,Breaking Points with Krystal and Saagar,Verdict with Ted Cruz,Countdown with Keith Olbermann,The Clay Travis and Buck Sexton Show,Trump's Trials,The Clay Travis and Buck Sexton Show,Breaking Points with Krystal and Saagar,#SistersInLaw,Verdict with Ted Cruz,Deadline: White House,The Lincoln Project,The MeidasTouch Podcast,The Victor Davis Hanson Show,Deadline: White House,Breaking Points with Krystal and Saagar
Morning Joe,FiveThirtyEight Politics,MeidasTouch Podcast,John Solomon Reports,Stay Tuned with Preet,Pod Save the World,Stay Tuned with Preet,FiveThirtyEight Politics,Tim Pool Daily Show,Stay Tuned with Preet,The Stew Peters Show,FiveThirtyEight Politics,Political Gabfest,The Al Franken Podcast,Verdict with Ted Cruz,The President's Daily Brief,Hacks On Tap,The Next Level,The Beat with Ari Melber,Stay Free with Russell Brand,John Solomon Reports,Jack,Louder with Crowder,The Clay Travis and Buck Sexton Show,George Conway Explains It All (To Sarah Longwell),Fast Politics with Molly Jong-Fast,Prosecuting Donald Trump,The President's Daily Brief,IHIP News,Breaking Points with Krystal and Saagar,Verdict with Ted Cruz
Hold These Truths with Dan Crenshaw,Mea Culpa with Michael Cohen,Political Gabfest,Rudy Giuliani's Common Sense,The Al Franken Podcast,Mea Culpa with Michael Cohen,The Victor Davis Hanson Show,The Stew Peters Show,Morning Joe,Hold These Truths with Dan Crenshaw,Mea Culpa with Michael Cohen,The Stew Peters Show,Stay Tuned with Preet,Morning Joe,The President's Daily Brief,The Lincoln Project,The Lincoln Project,The Clay Travis and Buck Sexton Show,The Victor Davis Hanson Show,All In with Chris Hayes,Radio Atlantic,Breaking Points with Krystal and Saagar,Pod Save the World,Countdown with Keith Olbermann,Breaking Points with Krystal and Saagar,Candace Owens,Countdown with Keith Olbermann,The Focus Group Podcast,George Conway Explains It All (To Sarah Longwell),Countdown with Keith Olbermann,Raging Moderates with Scott Galloway and Jessica Tarlov
2020 Politics War Room,The Oath with Chuck Rosenberg,Politically Sound,Morning Joe,Morning Joe,The 11th Hour with Brian Williams,Hacks On Tap,The Al Franken Podcast,Deadline: White House,All In with Chris Hayes,FiveThirtyEight Politics,All In with Chris Hayes,Bag Man,Mea Culpa with Michael Cohen,Mea Culpa with Michael Cohen,Deadline: White House,Stay Tuned with Preet,The Lincoln Project,Verdict with Ted Cruz,The MeidasTouch Podcast,The Political Scene | The New Yorker,The President's Daily Brief,Finding Matt Drudge,Louder with Crowder,The MeidasTouch Podcast,George Conway Explains It All (To Sarah Longwell),The Run-Up,The Lincoln Project,Means Morning News,The Run-Up,Fast Politics with Molly Jong-Fast
The Weeds,Stay Tuned with Preet,Krystal Kyle & Friends,Tim Pool Daily Show,The Lincoln Project,Fever Dreams,The National Pulse,Pod Save the World,Hodgetwins,Hodgetwins,Hold These Truths with Dan Crenshaw,The National Pulse,Why Is This Happening? The Chris Hayes Podcast,Very Serious with Josh Barro,FiveThirtyEight Politics,All In with Chris Hayes,X22 Report,Stay Tuned with Preet,The Lincoln Project,The Run-Up,NBC Nightly News with Lester Holt,Deadline: White House,The Victor Davis Hanson Show,Political Gabfest,Letters from an American,Bernie: The Podcast,All In with Chris Hayes,Breaking Battlegrounds,FiveThirtyEight Politics,The Clay Travis and Buck Sexton Show,The Victor Davis Hanson Show
Hodgetwins,The Al Franken Podcast,Hacks on Tap with David Axelrod and Mike Murphy,Hacks on Tap with David Axelrod and Mike Murphy,Verdict with Ted Cruz,NBC Nightly News with Lester Holt,Deadline: White House,The Lincoln Project,Pod Save the World,The Victor Davis Hanson Show,Useful Idiots with Matt Taibbi and Katie Halper,The 11th Hour with Brian Williams,All In with Chris Hayes,The Foreign Affairs Interview,Human Events Daily with Jack Posobiec,Mea Culpa with Michael Cohen,Fast Politics with Molly Jong-Fast,The Political Scene | The New Yorker,Stay Tuned with Preet,The Victor Davis Hanson Show,The Lincoln Project,Trump's Trials,Radio Atlantic,Breaking Points with Krystal and Saagar,The President's Daily Brief,The President's Daily Brief,The President's Daily Brief,Playbook Deep Dive,The Next Level,Autocracy in America,Countdown with Keith Olbermann
Stay Tuned with Preet,Political Gabfest,Bag Man,Political Gabfest,Pod Save the World,Politicology,Mea Culpa with Michael Cohen,All In with Chris Hayes,Mea Culpa with Michael Cohen,Tim Pool Daily Show,Hodgetwins,Lovett or Leave It,NBC Nightly News with Lester Holt,FiveThirtyEight Politics,All In with Chris Hayes,Hacks On Tap,The Victor Davis Hanson Show,Pod Save the World,All In with Chris Hayes,The Lincoln Project,Mea Culpa,Political Gabfest,Verdict with Ted Cruz,The President's Daily Brief,Radio Atlantic,Letters from an American,The Clay Travis and Buck Sexton Show,The Political Scene | The New Yorker,Breaking Points with Krystal and Saagar,Louder with Crowder,Politics War Room with James Carville & Al Hunt
Deadline: White House,Ben Ferguson Podcast,The Buck Sexton Show,Hodgetwins,The Victor Davis Hanson Podcast,The Buck Sexton Show,All In with Chris Hayes,Morning Joe,The Lincoln Project,Verdict with Ted Cruz,Morning Joe,Hold These Truths with Dan Crenshaw,Mea Culpa with Michael Cohen,The Lincoln Project,Deadline: White House,#SistersInLaw,FiveThirtyEight Politics,The Beat with Ari Melber,FiveThirtyEight Politics,Tim Pool Daily Show,X22 Report,Advisory Opinions,The Amendment,The Lincoln Project,The Clay Travis and Buck Sexton Show,Future of Freedom,Louder with Crowder,IHIP News,Letters from an American,The Victor Davis Hanson Show,The Clay Travis and Buck Sexton Show
Turnout with Katie Couric,Bad Faith,The Dispatch Podcast,Cleanup on Aisle 45 with AG and Andrew Torrez,The Weeds,In Front of Our Eyes,The 11th Hour with Brian Williams,Hodgetwins,How It Happened,Deadline: White House,The Lincoln Project,Pod Save the World,Ruthless,Deadline: White House,Political Gabfest,The Victor Davis Hanson Show,Countdown with Keith Olbermann,All In with Chris Hayes,The MeidasTouch Podcast,John Solomon Reports,Countdown with Keith Olbermann,All In with Chris Hayes,American Fever Dream,John Solomon Reports,Future of Freedom,The Al Franken Podcast,Bannon`s War Room,Letters from an American,Countdown with Keith Olbermann,Hacks On Tap,Inside Geneva
Pantsuit Politics,Intercepted with Jeremy Scahill,Live From America with Jeremy Herrell,Verdict with Ted Cruz,NBC Nightly News with Lester Holt,John Solomon Reports,Hold These Truths with Dan Crenshaw,NBC Nightly News with Lester Holt,Hold These Truths with Dan Crenshaw,The Five,The Victor Davis Hanson Show,Stay Tuned with Preet,The Five,John Solomon Reports,Stay Tuned with Preet,Hell & High Water with John Heilemann,The President's Daily Brief,The MeidasTouch Podcast,John Solomon Reports,Hacks On Tap,The Clay Travis and Buck Sexton Show,Countdown with Keith Olbermann,The MeidasTouch Podcast,The Run-Up,The Next Level,All In with Chris Hayes,Letters from an American,The Next Level,THE DAILY BLAST with Greg Sargent,We Live Here Now,The Political Scene
Mea Culpa with Michael Cohen,Hodgetwins,All In with Chris Hayes,Article II: Inside Impeachment,Deadline: White House,The Al Franken Podcast,Lovett or Leave It,American Freedom with Mike Pence,NBC Nightly News with Lester Holt,Mea Culpa with Michael Cohen,Verdict with Ted Cruz,The Five,#SistersInLaw,Stay Tuned with Preet,Louder with Crowder,X22 Report,The MeidasTouch Podcast,John Solomon Reports,Talking Feds,X22 Report,Fast Politics with Molly Jong-Fast,Louder with Crowder,Ruthless Podcast,Stay Tuned with Preet,Fast Politics with Molly Jong-Fast,The Political Scene | The New Yorker,The Victor Davis Hanson Show,The Run-Up,Impolitic with John Heilemann,Prosecuting Donald Trump,The President's Daily Brief
No Lie with Brian Tyler Cohen,Deadline: White House,Deadline: White House,Rubicon: The First Hundred Days of the Biden Presidency,The National Pulse,Hold These Truths with Dan Crenshaw,The Weeds,Stay Tuned with Preet,All In with Chris Hayes,"""YOUR WELCOME"" with Michael Malice",NBC Nightly News with Lester Holt,The Lincoln Project,The 11th Hour,Banned,NBC Nightly News with Lester Holt,Tim Pool Daily Show,Mea Culpa with Michael Cohen,Mea Culpa,X22 Report,Cleanup on Aisle 45 with AG & Pete Strzok,Candace Owens,The Political Scene | The New Yorker,The Clay Travis and Buck Sexton Show,X22 Report,The Beat with Ari Melber,The Clay Travis and Buck Sexton Show,Verdict with Ted Cruz,Radio Atlantic,The Run-Up,The Next Level,The Lincoln Project
Common Sense with Dan Carlin,Deconstructed with Mehdi Hasan,The 11th Hour with Brian Williams,Why Is This Happening? with Chris Hayes,John Solomon Reports,The Victor Davis Hanson Podcast,The Liz Wheeler Show,Verdict with Ted Cruz,The Victor Davis Hanson Show,Why Is This Happening? with Chris Hayes,Tim Pool Daily Show,The Weeds,The Victor Davis Hanson Show,Verdict with Ted Cruz,The Monica Crowley Podcast,The Al Franken Podcast,Tim Pool Daily Show,Deadline: White House,Tim Pool Daily Show,The Beat with Ari Melber,Breaking Points with Krystal and Saagar,FiveThirtyEight Politics,Countdown with Keith Olbermann,Ruthless Podcast,The Run-Up,Radio Atlantic,The Next Level,Off Leash with Erik Prince,Political Gabfest,All In with Chris Hayes,Impolitic with John Heilemann
Newt's World,The Deciding Decade with Pete Buttigieg,Q Clearance: The Hunt for QAnon,Q Clearance: The Hunt for QAnon,All In with Chris Hayes,None Of The Above,Verdict with Ted Cruz,Lovett or Leave It,The Drilldown with Peter Schweizer,The 11th Hour with Brian Williams,Going for Broke with Ray Suarez,Hacks On Tap,The Lincoln Project,#SistersInLaw,John Solomon Reports,The Beat with Ari Melber,The Al Franken Podcast,X22 Report,Pod Save the World,#SistersInLaw,Inside with Jen Psaki,X22 Report,All In with Chris Hayes,George Conway Explains It All (To Sarah Longwell),FiveThirtyEight Politics,Trump's Trials,Fast Politics with Molly Jong-Fast,THE DAILY BLAST with Greg Sargent,The Clay Travis and Buck Sexton Show,The Lincoln Project,Pod Save the World
Ruthless,The Weeds,2020 Politics War Room,Federalist Radio Hour,Who Is?,The National Pulse,John Solomon Reports,Hold These Truths with Dan Crenshaw,The 11th Hour with Brian Williams,Useful Idiots with Matt Taibbi and Katie Halper,Pod Save the World,NBC Nightly News with Lester Holt,The Stew Peters Show,Pod Save the World,Opening Arguments,No Lie with Brian Tyler Cohen,The Beat with Ari Melber,Human Events Daily with Jack Posobiec,System Update with Glenn Greenwald,Stay Tuned with Preet,Talking Feds,The Lincoln Project,FiveThirtyEight Politics,FiveThirtyEight Politics,The Lincoln Project,Stay Tuned with Preet,Stay Tuned with Preet,The Campaign Moment,TRIGGERnometry,Bannon`s War Room,The Fox News Rundown
The Bakari Sellers Podcast,The Joey Saladino Show,The Oath with Chuck Rosenberg,The 11th Hour with Brian Williams,The Dershow,The Weeds,Why Is This Happening? with Chris Hayes,How It Happened,The Ben Ferguson Podcast,The Al Franken Podcast,"""YOUR WELCOME"" with Michael Malice",The Ben Ferguson Podcast,The Remnant with Jonah Goldberg,The New Yorker: Politics and More,Morning Joe,John Solomon Reports,Volts,FiveThirtyEight Politics,Human Events Daily with Jack Posobiec,Jack,Stay Tuned with Preet,Stay Tuned with Preet,The Next Level,The Beat with Ari Melber,Mea Culpa,Mea Culpa,The Rest Is Politics: US,The Victor Davis Hanson Show,Louder with Crowder,Verdict with Ted Cruz,Ruthless Podcast
John Solomon Reports,Hot Takes With Matt Gaetz,Pod Save the World,Bad Faith,Checks and Balance,The Rush Limbaugh Show,Conspiracyland,The Victor Davis Hanson Show,Verdict with Ted Cruz,The Lincoln Project,The Liz Wheeler Show,The Great America Show with Lou Dobbs,The Great America Show with Lou Dobbs,Human Events Daily with Jack Posobiec,The MeidasTouch Podcast,The Five,Hell & High Water with John Heilemann,Political Gabfest,The Al Franken Podcast,The Al Franken Podcast,The President's Daily Brief,So to Speak: The Free Speech Podcast,The Beat with Ari Melber,Fast Politics with Molly Jong-Fast,Trump's Trials,The Lincoln Project,The Michael Steele Podcast,Breaking Points with Krystal and Saagar,The Lincoln Project,The Five,Risky Business with Nate Silver and Maria Konnikova
The Buck Sexton Show,Live From America with Jeremy Herrell,Pantsuit Politics,Ben Ferguson Podcast,Why Is This Happening? with Chris Hayes,The Lawfare Podcast,Politicology,The 11th Hour with Brian Williams,#SistersInLaw,NBC Nightly News with Lester Holt,Stay Tuned with Preet,The Editors,The Beat with Ari Melber,Opening Arguments,No Lie with Brian Tyler Cohen,Stay Tuned with Preet,Human Events Daily with Jack Posobiec,High Steaks,Hodgetwins,The David Pakman Show,The Beat with Ari Melber,Opening Arguments,X22 Report,The Five,Advisory Opinions,Louder with Crowder,The Al Franken Podcast,FiveThirtyEight Politics,Radio Atlantic,Fast Politics with Molly Jong-Fast,TRIGGERnometry
No Compromise,All In with Chris Hayes,Why Is This Happening? with Chris Hayes,Politics War Room with James Carville & Al Hunt,The Lawfare Podcast,Verdict with Ted Cruz,The Buck Sexton Show,Hacks On Tap,Stay Tuned with Preet,John Solomon Reports,Deadline: White House,The Victor Davis Hanson Show,The Dispatch Podcast,Tim Pool Daily Show,This Week with George Stephanopoulos,Candace,The Five,Countdown with Keith Olbermann,Ruthless,Fast Politics with Molly Jong-Fast,TRIGGERnometry,The Next Level,Trump's Trials,Future of Freedom,Bernie: The Podcast,Political Gabfest,The Five,George Conway Explains It All (To Sarah Longwell),Prosecuting Donald Trump,TRIGGERnometry,IHIP News
Ben Ferguson Podcast,Newt's World,CJ Pearson UNCENSORED,The Al Franken Podcast,No Lie with Brian Tyler Cohen,Victor Davis Hanson's The Classicist,NBC Nightly News with Lester Holt,The Weeds,The Five,Fear & Malding,John Solomon Reports,Ruthless,Hold These Truths with Dan Crenshaw,All In with Chris Hayes,Politics War Room with James Carville & Al Hunt,The MeidasTouch Podcast,Ruthless,NBC Nightly News with Lester Holt,Hacks On Tap,The Weeds,Deadline: White House,John Solomon Reports,The Lincoln Project,The Political Scene | The New Yorker,Hacks On Tap,Matt Lewis Can't Lose,#SistersInLaw,Verdict with Ted Cruz,Verdict with Ted Cruz,Breaking Battlegrounds,Deadline: White House
NBC Nightly News with Lester Holt,Dennis Prager podcasts,NBC Nightly News with Lester Holt,"Trump, Inc.",The Buck Sexton Show,Lovett or Leave It,The MeidasTouch Podcast,The Five,John Solomon Reports,The Weeds,Why Is This Happening? with Chris Hayes,The Al Franken Podcast,Very Serious with Josh Barro,NBC Nightly News with Lester Holt,The Dispatch Podcast,Fear&,NBC Nightly News with Lester Holt,No Lie with Brian Tyler Cohen,The Great America Show with Lou Dobbs,NBC Nightly News with Lester Holt,Richard Syrett's Strange Planet,Fast Politics with Molly Jong-Fast,Future of Freedom,The Al Franken Podcast,Tim Pool Daily Show,Breaking Points with Krystal and Saagar,The David Pakman Show,Ruthless Podcast,Normally,The Fox News Rundown,The Al Franken Podcast
Useful Idiots with Matt Taibbi and Katie Halper,NBC Nightly News with Lester Holt,No Lie with Brian Tyler Cohen,The Oath with Chuck Rosenberg,Useful Idiots with Matt Taibbi and Katie Halper,The Remnant with Jonah Goldberg,Hodgetwins,Why Is This Happening? with Chris Hayes,Common Sense with Dan Carlin,The National Pulse,Political Gabfest,Verdict with Ted Cruz,Hacks On Tap,The Monica Crowley Podcast,Newt's World,NBC Nightly News with Lester Holt,The 11th Hour with Stephanie Ruhle,The Remnant with Jonah Goldberg,The Political Scene | The New Yorker,The Five,Breakdown: The Trump Indictment,The Beat with Ari Melber,Stay Tuned with Preet,Tim Pool Daily Show,X22 Report,The Beat with Ari Melber,The Rest Is Politics,Fast Politics with Molly Jong-Fast,All In with Chris Hayes,The Political Scene | The New Yorker,The Dispatch Podcast
Rudy Giuliani's Common Sense,The 11th Hour with Brian Williams,The Chuck ToddCast: Meet the Press,Common Sense with Dan Carlin,The Rush Limbaugh Show,The Dispatch Podcast,Pantsuit Politics,Deadline: White House,Rudy Giuliani's Common Sense,Politics War Room with James Carville & Al Hunt,#SistersInLaw,#SistersInLaw,John Solomon Reports,The MeidasTouch Podcast,The Beat with Ari Melber,The 11th Hour with Stephanie Ruhle,John Solomon Reports,Face the Nation on the Radio,The Benny Show,Hodgetwins,Future of Freedom,Tim Pool Daily Show,#SistersInLaw,Trump's Trials,Political Gabfest,Talking Feds,Tim Pool Daily Show,Stay Tuned with Preet,Stay Tuned with Preet,IHIP News,Stay Tuned with Preet
The 11th Hour with Brian Williams,The Buck Sexton Show,John Solomon Reports,The Weeds,The 11th Hour with Brian Williams,Pantsuit Politics,The Al Franken Podcast,Mea Culpa with Michael Cohen,The Benny Show,Pantsuit Politics,The Daily Poster,The Breitbart News Daily Podcast,The New Yorker: Politics and More,The Dispatch Podcast,Tim Pool Daily Show,Opening Arguments,#SistersInLaw,The 11th Hour with Stephanie Ruhle,Jack,The Great America Show with Lou Dobbs,The Five,Mea Culpa,Rick Wilson's The Enemies List,Mea Culpa,The Al Franken Podcast,John Solomon Reports,The Campaign Moment,Political Gabfest,Hacks On Tap,The Rest Is Politics: US,Jack
Pod Save the World,The Victor Davis Hanson Podcast,The Weeds,The Victor Davis Hanson Podcast,Political Gabfest,The Tom Woods Show,The Rush Limbaugh Show,Pantsuit Politics,Useful Idiots with Matt Taibbi and Katie Halper,Prevail with Greg Olear,The Weeds,Mea Culpa with Michael Cohen,Politics War Room with James Carville & Al Hunt,The Beat with Ari Melber,Talking Feds,Talking Feds,Cleanup on Aisle 45 with AG and Andrew Torrez,The Five,Fast Politics with Molly Jong-Fast,Mea Culpa,The Remnant with Jonah Goldberg,The Five,Tim Pool Daily Show,Human Events Daily with Jack Posobiec,The Dispatch Podcast,X22 Report,Stay Free with Russell Brand,The Clay Travis and Buck Sexton Show,Candace Owens,The David Pakman Show,The Five
Why Is This Happening? with Chris Hayes,2020 Politics War Room,The Al Franken Podcast,Deadline: White House,Bag Man,Why Is This Happening? with Chris Hayes,The Editors,John Solomon Reports,The Editors,The Dispatch Podcast,The Buck Sexton Show,The Remnant with Jonah Goldberg,Peter Navarro‘s In Trump Time Podcast,Talking Feds,Why Is This Happening? The Chris Hayes Podcast,Advisory Opinions,Opening Arguments,The Focus Group Podcast,Mea Culpa,The Warning with Steve Schmidt,Political Gabfest,Future of Freedom,Fast Politics with Molly Jong-Fast,NBC Nightly News with Lester Holt,John Solomon Reports,The Focus Group Podcast,Politics War Room with James Carville & Al Hunt,Deadline: White House,The 11th Hour with Stephanie Ruhle,I'm All Over the Place with Dara Starr Tucker,The Next Level
All In with Chris Hayes,"Trump, Inc.",Ben Ferguson Podcast,Lovett or Leave It,The New Yorker: Politics and More,The Dershow,#SistersInLaw,Hell & High Water with John Heilemann,The Buck Sexton Show,Lovett or Leave It,The Five,John Solomon Reports,Verdict with Ted Cruz,American Radical,Amarica's Constitution,Kash's Corner,Talking Feds,This Week with George Stephanopoulos,NBC Nightly News with Lester Holt,Ruthless,All In with Chris Hayes,Politics War Room with James Carville & Al Hunt,Off Leash with Erik Prince,The David Pakman Show,The Five,NBC Nightly News with Lester Holt,Risky Business with Nate Silver and Maria Konnikova,Stay Free with Russell Brand,Bannon`s War Room,Normally,Louder with Crowder
Dennis Prager podcasts,Why Is This Happening? with Chris Hayes,The Victor Davis Hanson Podcast,Can He Do That?,The Tom Woods Show,The New Yorker: Politics and More,Newt's World,The MeidasTouch Podcast,The New Yorker: Politics and More,Brian Kilmeade Show,Ruthless,Why Is This Happening? with Chris Hayes,The Buck Sexton Show,"""YOUR WELCOME"" with Michael Malice",Know Your Enemy,The Young Turks,The Remnant with Jonah Goldberg,Hacks On Tap,The Five,The PoliticsGirl Podcast,The Fox News Rundown,Stay Free with Russell Brand,George Conway Explains It All (To Sarah Longwell),Finding Matt Drudge,Stay Free with Russell Brand,FiveThirtyEight Politics,Rick Wilson's The Enemies List,Pod Save the World,The PoliticsGirl Podcast,X22 Report,The David Pakman Show
The Victor Davis Hanson Podcast,Common Sense with Dan Carlin,The Lawfare Podcast,Mea Culpa with Michael Cohen,Just the Truth with Jenna Ellis,Federalist Radio Hour,Political Gabfest,Common Sense with Dan Carlin,Pantsuit Politics,No Compromise,Common Sense with Dan Carlin,"""YOUR WELCOME"" with Michael Malice",Brian Kilmeade Show,War on the Rocks,War on the Rocks,The Weeds,The Chris Cuomo Project,The Dispatch Podcast,Stay Free with Russell Brand,The Political Scene | The New Yorker,The Ben Ferguson Podcast,The Al Franken Podcast,The Al Franken Podcast,The 11th Hour with Stephanie Ruhle,American Fever Dream,The Dispatch Podcast,The Beat with Ari Melber,Countdown with Keith Olbermann,Fast Politics with Molly Jong-Fast,Stay Free with Russell Brand,#SistersInLaw
The Realignment,Morning Joe,Newt's World,All In with Chris Hayes,Victor Davis Hanson's The Classicist,Hacks on Tap with David Axelrod and Mike Murphy,The Remnant with Jonah Goldberg,SGT Report's The Propaganda Antidote,Political Gabfest,The Ben Ferguson Podcast,Brian Kilmeade Show,Hodgetwins,The ReidOut with Joy Reid,Hold These Truths with Dan Crenshaw,The Remnant with Jonah Goldberg,"""YOUR WELCOME"" with Michael Malice",The Stew Peters Show,Know Your Enemy,Firebrand with Matt Gaetz,The Wright Report,This Week with George Stephanopoulos,TRIGGERnometry,The Five,The Dispatch Podcast,The Political Scene | The New Yorker,Stay Free with Russell Brand,George Conway Explains It All (To Sarah Longwell),No Lie with Brian Tyler Cohen,The Home Front,Stay Tuned with Preet,X22 Report
CJ Pearson UNCENSORED,The New Yorker: Politics and More,No Compromise,No Lie with Brian Tyler Cohen,The Chuck ToddCast: Meet the Press,The ReidOut with Joy Reid,Fever Dreams,The New Yorker: Politics and More,Why Is This Happening? with Chris Hayes,The Remnant with Jonah Goldberg,All In with Chris Hayes,Brian Kilmeade Show,The David Pakman Show,The Five,The Editors,The David Pakman Show,Bad Takes,The Michael Steele Podcast,The Wright Report,FiveThirtyEight Politics,The Next Level,NBC Nightly News with Lester Holt,Mea Culpa,Stay Free with Russell Brand,#SistersInLaw,The Next Level,The Fox News Rundown,Jack,Ruthless Podcast,Radio Atlantic,The Hugh Hewitt Show
Campaign HQ with David Plouffe,The Marianne Williamson Podcast: Conversations That Matter,The ReidOut with Joy Reid,The Buck Sexton Show,Newt's World,The Chad Prather Show,Brian Kilmeade Show,The PatriotsInTune's Podcast,Brian Kilmeade Show,The Buck Sexton Show,The Dispatch Podcast,The Buck Sexton Show,Majority 54,The Great America Show with Lou Dobbs,Hodgetwins,The Remnant with Jonah Goldberg,War on the Rocks,Newt's World,#SistersInLaw,The 11th Hour with Stephanie Ruhle,The Bulwark Podcast,America On Trial,Stay Free with Russell Brand,The Remnant with Jonah Goldberg,The ReidOut with Joy Reid,The Fox News Rundown,Ruthless Podcast,The Fox News Rundown,The Five,The Rest Is Politics,Tim Pool Daily News
"Trump, Inc.",This Week with George Stephanopoulos,Dennis Prager podcasts,NBC Nightly News with Lester Holt,Federalist Radio Hour,Checks and Balance,We've Got Issues With Emily and Jess,The Buck Sexton Show,The Weeds,Common Sense with Dan Carlin,Pantsuit Politics,The MeidasTouch Podcast,The Weeds,Common Sense with Dan Carlin,Checks and Balance from The Economist,Volts,The David Pakman Show,Fast Politics with Molly Jong-Fast,Brian Kilmeade Show,The Kyle Seraphin Show,Pod Save the World,Human Events Daily with Jack Posobiec,TRIGGERnometry,Politics War Room with James Carville & Al Hunt,Stay Tuned with Preet,Countdown with Keith Olbermann,Human Events Daily with Jack Posobiec,#SistersInLaw,Stay Free with Russell Brand,Tangle,Stay Free with Russell Brand
The ReidOut with Joy Reid,Can He Do That?,Gaslit Nation with Andrea Chalupa and Sarah Kendzior,The Dispatch Podcast,Skullduggery,The David Pakman Show,The Tom Woods Show,The Editors,Advisory Opinions,The MeidasTouch Podcast,Politics War Room with James Carville & Al Hunt,Intelligence Matters,The Al Franken Podcast,Debunked,The New Yorker: Politics and More,Politics War Room with James Carville & Al Hunt,不明白播客,Ruthless,American Prestige,Human Events Daily with Jack Posobiec,No Lie with Brian Tyler Cohen,Radio Atlantic,The Political Scene | The New Yorker,Hacks On Tap,Cleanup on Aisle 45 with AG & Pete Strzok,Velshi,The Focus Group Podcast,Louder with Crowder,No Lie with Brian Tyler Cohen,Perino on Politics,Talking Feds
The New Yorker: Politics and More,Useful Idiots with Matt Taibbi and Katie Halper,Hot Takes With Matt Gaetz,Hot Takes With Matt Gaetz,Politics War Room with James Carville & Al Hunt,Hagmann Report,The Lawfare Podcast,Brian Kilmeade Show,The PatriotsInTune's Podcast,The Liz Wheeler Show,Fear & Malding,Political Gabfest,White Flag with Joe Walsh,The PoliticsGirl Podcast,The Five,Gaslit Nation with Andrea Chalupa and Sarah Kendzior,No Lie with Brian Tyler Cohen,Cleanup on Aisle 45 with AG & Pete Strzok,The 11th Hour with Stephanie Ruhle,The Next Level,Louder with Crowder,The David Pakman Show,Hacks On Tap,The Next Level,Jack,Rick Wilson's The Enemies List,The ReidOut with Joy Reid,All In with Chris Hayes,The Fox News Rundown,Politics War Room with James Carville & Al Hunt,Political Gabfest
Checks and Balance,The Sharyl Attkisson Podcast,Federalist Radio Hour,Useful Idiots with Matt Taibbi and Katie Halper,This Week with George Stephanopoulos,Politics War Room with James Carville & Al Hunt,Debunked,The Liz Wheeler Show,SGT Report's The Propaganda Antidote,The Editors,SGT Report's The Propaganda Antidote,SGT Report's The Propaganda Antidote,"""YOUR WELCOME"" with Michael Malice",The Chuck ToddCast: Meet the Press,Hacks On Tap,"Mueller, She Wrote",The Dispatch Podcast,Brian Kilmeade Show,The Warning with Steve Schmidt,Checks and Balance from The Economist,Velshi,Disorder,Advisory Opinions,The Focus Group Podcast,The 11th Hour with Stephanie Ruhle,How to Win 2024,Inside with Jen Psaki,Inside with Jen Psaki,How to Win 2024,Brian Kilmeade Show,Perino on Politics
Political Gabfest,The Tom Woods Show,Advisory Opinions,The New Yorker: Politics and More,Rubicon: The First Hundred Days of the Biden Presidency,The MeidasTouch Podcast,The ReidOut with Joy Reid,The Beat with Ari Melber,The MeidasTouch Podcast,Politicology,Intelligence Matters,The Chad Prather Show,The Tom Woods Show,Political Gabfest,Gaslit Nation with Andrea Chalupa and Sarah Kendzior,Hold These Truths with Dan Crenshaw,The Weeds,Politics War Room with James Carville & Al Hunt,The ReidOut with Joy Reid,Federalist Radio Hour,SGT Report’s The Propaganda Antidote,The Ben Ferguson Podcast,COURTSIDE with Neal Katyal,The Tom Woods Show,Politics War Room with James Carville & Al Hunt,The Five,X22 Report,Americast,The Focus Group Podcast,2WAY,Rick Wilson's The Enemies List
BardsFM,Sara Carter Show,Bad Faith,Into America,Common Sense with Dan Carlin,Useful Idiots with Matt Taibbi and Katie Halper,Deconstructed,The Tom Woods Show,Politics War Room with James Carville & Al Hunt,Intelligence Matters,Newt's World,Advisory Opinions,Politicology,Why Is This Happening? The Chris Hayes Podcast,The 11th Hour with Stephanie Ruhle,Brian Kilmeade Show,Know Your Enemy,Velshi,No Lie with Brian Tyler Cohen,The ReidOut with Joy Reid,The Wright Report,The Dispatch Podcast,THE DAILY BLAST with Greg Sargent,Jack,Human Events Daily with Jack Posobiec,TRIGGERnometry,How to Win 2024,Prosecuting Donald Trump,Politics War Room with James Carville & Al Hunt,The Beat with Ari Melber,Inside with Jen Psaki
The Young Turks,Hacks on Tap with David Axelrod and Mike Murphy,The Betches Sup Podcast,Krystal Kyle & Friends,The Truth with Lisa Boothe,Rubicon: The First Hundred Days of the Biden Presidency,Krystal Kyle & Friends,The Remnant with Jonah Goldberg,Hell & High Water with John Heilemann,The Benny Show,The Editors,The Beat with Ari Melber,Hodgetwins,This Week with George Stephanopoulos,Politicology,The New Yorker: Politics and More,Hodgetwins,The Benny Show,The PoliticsGirl Podcast,The Remnant with Jonah Goldberg,Stay Free with Russell Brand,How to Win 2024,John Solomon Reports,The ReidOut with Joy Reid,THE DAILY BLAST with Greg Sargent,Positively American with Braden Langley,Cleanup on Aisle 45 with AG & Pete Strzok,The Dispatch Podcast,Advisory Opinions,Pro Politics with Zac McCrary,Radio Atlantic
Bad Faith,Federalist Radio Hour,Can He Do That?,The Daily Punch,Face the Nation on the Radio,Newt's World,The Chad Prather Show,The ReidOut with Joy Reid,The ReidOut with Joy Reid,The Chad Prather Show,The National Pulse,The ReidOut with Joy Reid,Lovett or Leave It,Brian Kilmeade Show,Face the Nation on the Radio,Ruthless,Political Gabfest,Talking Feds,"""YOUR WELCOME"" with Michael Malice",System Update with Glenn Greenwald,Face the Nation with Margaret Brennan,The Fox News Rundown,Cleanup on Aisle 45 with AG & Pete Strzok,Advisory Opinions,How to Win 2024,The Remnant with Jonah Goldberg,The Political Scene | The New Yorker,Bannon`s War Room,The David Pakman Show,The Benny Show,The Rest Is Politics
Politically Sound,The Beat with Ari Melber,The Bakari Sellers Podcast,The ReidOut with Joy Reid,Politicology,Worldly,The Beat with Ari Melber,The National Pulse,The Tom Woods Show,SGT Report's The Propaganda Antidote,The Dishcast with Andrew Sullivan,Common Sense with Dan Carlin,SGT Report's The Propaganda Antidote,The Weeds,The Young Turks,Cleanup on Aisle 45 with AG and Andrew Torrez,You Might Be Right,SGT Report’s The Propaganda Antidote,The Liz Wheeler Show,The Foreign Affairs Interview,Advisory Opinions,Hacks On Tap,Talking Feds,The Dershow,Ruthless Podcast,The 11th Hour with Stephanie Ruhle,The 11th Hour with Stephanie Ruhle,Politics War Room with James Carville & Al Hunt,Extremely American,RealClearPolitics Podcast,We Live Here Now
The Lawfare Podcast,Face the Nation on the Radio,The New Yorker: Politics and More,Newt's World,The Michael Steele Podcast,BardsFM,Intelligence Matters,Pardon My American,The Dispatch Podcast,Advisory Opinions,This Week with George Stephanopoulos,Hell & High Water with John Heilemann,The Brian Lehrer Show,The Lost Debate,Hold These Truths with Dan Crenshaw,The Stew Peters Show,The PoliticsGirl Podcast,Advisory Opinions,Advisory Opinions,The Benny Show,The Dispatch Podcast,The Focus Group Podcast,NBC Nightly News with Lester Holt,TRIGGERnometry,The Fox News Rundown,The Wright Report,Political Gabfest,The Rest Is Politics,The Political Scene | The New Yorker,THE DAILY BLAST with Greg Sargent,Prosecuting Donald Trump
The Marianne Williamson Podcast: Conversations That Matter,Fox News Sunday Audio Podcast,Worst Year Ever,Worst Year Ever,Hagmann Report,Who Is?,Common Sense with Dan Carlin,Intelligence Matters,The National Pulse,Ruthless,The Remnant with Jonah Goldberg,Fever Dreams,Fever Dreams,The Remnant with Jonah Goldberg,School Colors,The Benny Show,"""YOUR WELCOME"" with Michael Malice",The Charles C. W. Cooke Podcast,The David Pakman Show,Talking Feds,Politics War Room with James Carville & Al Hunt,The ReidOut with Joy Reid,The Focus Group Podcast,The Fox News Rundown,The David Pakman Show,The Ben Ferguson Podcast,The Remnant with Jonah Goldberg,The David Pakman Show,Future of Freedom,Political Gabfest,All In with Chris Hayes
Sara Carter Show,The Dispatch Podcast,Majority 54,The David Pakman Show,American Conservative University,The Beat with Ari Melber,Useful Idiots with Matt Taibbi and Katie Halper,Political Gabfest,"Mueller, She Wrote","Girl and The Gov, The Podcast",The New Yorker: Politics and More,The Dispatch Podcast,Intelligence Matters,Hodgetwins,Debunked,The Dispatch Podcast,Advisory Opinions,Checks and Balance from The Economist,Respecting Religion,The Rest Is Politics,Cleanup on Aisle 45 with AG & Pete Strzok,The Remnant with Jonah Goldberg,Human Events Daily with Jack Posobiec,Radio Atlantic,Rick Wilson's The Enemies List,Tim Pool Daily Show,NBC Nightly News with Lester Holt,The PoliticsGirl Podcast,Human Events Daily with Jack Posobiec,Human Events Daily with Jack Posobiec,No Lie with Brian Tyler Cohen
Pod Save the People,The Remnant with Jonah Goldberg,The Young Turks,The Chuck ToddCast: Meet the Press,Trumpcast,Advisory Opinions,Politics War Room with James Carville & Al Hunt,The David Pakman Show,The Chad Prather Show,The New Yorker: Politics and More,No Lie with Brian Tyler Cohen,The Young Turks,The MeidasTouch Podcast,Face the Nation on the Radio,The Focus Group with Sarah Longwell,The Great America Show with Lou Dobbs,The New Yorker: Politics and More,Tim Pool Daily Show,The Michael Steele Podcast,No Lie with Brian Tyler Cohen,The Weeds,Ruthless Podcast,The David Pakman Show,Rick Wilson's The Enemies List,NBC Nightly News with Lester Holt,Cleanup on Aisle 45 with AG & Pete Strzok,TRIGGERnometry,Mea Culpa,X22 Report,The ReidOut with Joy Reid,THE DAILY BLAST with Greg Sargent
Y'all-itics,Pod is a Woman,Donald J Trump Podcast,The Lawfare Podcast,The Chad Prather Show,#SistersInLaw,Mad Dogs and Englishmen,The Chad Prather Show,Checks and Balance from The Economist,Hacks On Tap,The Realignment,Pantsuit Politics,Worst Year Ever,The Editors,Brian Kilmeade Show,The Buck Sexton Show,SGT Report’s The Propaganda Antidote,The Monica Crowley Podcast,Political Gabfest,Advisory Opinions,The Rest Is Politics,Rick Wilson's The Enemies List,The Rest Is Politics,THE DAILY BLAST with Greg Sargent,What Really Matters with Walter Russell Mead,Advisory Opinions,The Dispatch Podcast,Rick Wilson's The Enemies List,The Remnant with Jonah Goldberg,NBC Nightly News with Lester Holt,The Focus Group Podcast
The David Pakman Show,Tom Fitton's Weekly Update Podcast,"The Prather Point.  Uncensored, Unafraid, Outside the Box",Advisory Opinions,Krystal Kyle & Friends,The Brian Lehrer Show,The David Pakman Show,Fever Dreams,The Beat with Ari Melber,Hell & High Water with John Heilemann,The Beat with Ari Melber,Newt's World,The Ben Ferguson Podcast,The Dig,Common Sense with Dan Carlin,The Majority Report with Sam Seder,The Great America Show with Lou Dobbs,The PoliticsGirl Podcast,The Chris Cuomo Project,"""YOUR WELCOME"" with Michael Malice",The David Pakman Show,COURTSIDE with Neal Katyal,The Weeds,The Ben Ferguson Podcast,The Focus Group Podcast,Straight White American Jesus,No Lie with Brian Tyler Cohen,Human Events Daily with Jack Posobiec,The Al Franken Podcast,The Sean Spicer Show,Americast
The Dana Show with Dana Loesch,Hagmann Report,The Editors,Vox Quick Hits,COURTSIDE with Neal Katyal,American Conservative University,Ruthless,Uncommon Knowledge,Hagmann Report,The David Pakman Show,The Suburban Women Problem,The New Yorker: Politics and More,Mad Dogs and Englishmen,Hell & High Water with John Heilemann,Positively Dreadful,Hodgetwins,Brian Kilmeade Show,Hodgetwins,Federalist Radio Hour,不明白播客,How to Win 2024,The Great America Show with Lou Dobbs,The Fox News Rundown,How to Win 2024,TRIGGERnometry,American Radical,Boom! from The Economist,The Beat with Ari Melber,Perino on Politics,Risky Business with Nate Silver and Maria Konnikova,The Benny Show
Federalist Radio Hour,Q Clearance: The Hunt for QAnon,Deconstructed with Mehdi Hasan,Intercepted with Jeremy Scahill,Fox News Sunday Audio Podcast,Conspiracy Unlimited: Following The Truth Wherever It Leads,Federalist Radio Hour,Debunked,Debunked,The Daily Poster,Conspiracy Unlimited: Following The Truth Wherever It Leads,The Tom Woods Show,Hagmann Report,The Young Turks,Intelligence Matters,The Lost Debate,The Brian Lehrer Show,The Chris Cuomo Project,Cleanup on Aisle 45 with AG & Pete Strzok,The Buck Sexton Show,Rick Wilson's The Enemies List,Brian Kilmeade Show,The Dispatch Podcast,The Wright Report,The Remnant with Jonah Goldberg,Human Events Daily with Jack Posobiec,"""YOUR WELCOME"" with Michael Malice",Risky Business with Nate Silver and Maria Konnikova,Tim Pool Daily Show,Cleanup on Aisle 45 with AG & Pete Strzok,Autocracy in America
Rob Smith is Problematic,The ReidOut with Joy Reid,The Beat with Ari Melber,The Betches Sup Podcast,Bad Faith,Deconstructed,The Brian Lehrer Show,Useful Idiots with Matt Taibbi and Katie Halper,The Realignment,The Tom Woods Show,Krystal Kyle & Friends,The Reason Roundtable,Hell & High Water with John Heilemann,Politics War Room with James Carville & Al Hunt,Hell & High Water with John Heilemann,Common Sense with Dan Carlin,Gaslit Nation with Andrea Chalupa and Sarah Kendzior,The Ben Ferguson Podcast,The Next Level,The Michael Steele Podcast,Straight White American Jesus,The Wright Report,The 11th Hour with Stephanie Ruhle,The Benny Show,The Rest Is Politics,The Amendment,The Benny Show,Candace Owens,#SistersInLaw,Candace Owens,NBC Nightly News with Lester Holt
Trumpcast,Intelligence Matters,Kamala: Next in Line,The Tom Woods Show,The Oath with Chuck Rosenberg,Can He Do That?,The New Yorker: Politics and More,Politics War Room with James Carville & Al Hunt,The David Pakman Show,The Young Turks,The Chad Prather Show,The David Pakman Show,Federalist Radio Hour,The Stew Peters Show,The Weeds,Political Gabfest,Fear&,The David Pakman Show,Know Your Enemy,Radio Atlantic,The PoliticsGirl Podcast,System Update with Glenn Greenwald,Inside with Jen Psaki,Straight White American Jesus,The Campaign Moment,Inside with Jen Psaki,Conversations with Bill Kristol,Know Your Enemy,Back to the People,The 11th Hour with Stephanie Ruhle,Future of Freedom
The Remnant with Jonah Goldberg,Bloc Party,The David Pakman Show,Bag Man,The Dispatch Podcast,Intelligence Matters,Intercepted with Jeremy Scahill,Hagmann Report,No Lie with Brian Tyler Cohen,The ReidOut with Joy Reid,The Focus Group with Sarah Longwell,Hagmann Report,Economic Update with Richard D. Wolff,Know Your Enemy,The Rest is Politics,The Ben Ferguson Podcast,Mad Dogs and Englishmen,The ReidOut with Joy Reid,Opening Arguments,The Majority Report with Sam Seder,Brian Kilmeade Show,The Rest Is Politics,Politics War Room with James Carville & Al Hunt,Brian Kilmeade Show,Talking Feds,SGT Report’s The Propaganda Antidote,Extremely American,Future of Freedom,The Beat with Ari Melber,Undercurrents,The Wright Report
Bag Man,Checks and Balance,Useful Idiots with Matt Taibbi and Katie Halper,The Remnant with Jonah Goldberg,The Remnant with Jonah Goldberg,Opening Arguments,POPlitics,Checks and Balance from The Economist,Newt's World,The Dishcast with Andrew Sullivan,Hell & High Water with John Heilemann,Talking Feds,Can He Do That?,"Mueller, She Wrote",The Stew Peters Show,Federalist Radio Hour,Campaign HQ with David Plouffe,War on the Rocks,Debunked,Politics War Room with James Carville & Al Hunt,System Update with Glenn Greenwald,THE DAILY BLAST with Greg Sargent,The Wright Report,Cleanup on Aisle 45 with AG & Pete Strzok,Inside with Jen Psaki,The ReidOut with Joy Reid,The Good Liars Tell The Truth,X22 Report,Playbook Deep Dive,The Remnant with Jonah Goldberg,Brian Kilmeade Show
In The Thick,"The Prather Point.  Uncensored, Unafraid, Outside the Box",Lovett or Leave It,The Young Turks,How It Happened,Pod Save the People,SGT Report's The Propaganda Antidote,Advisory Opinions,Intelligence Matters,The Focus Group with Sarah Longwell,The Benny Show,Politics War Room with James Carville & Al Hunt,The Gerry Callahan Show,The Morgan Zegers Show,American Prestige,The Political Orphanage,The Young Turks,The Rest Is Politics,The Rest Is Politics,The Monica Crowley Podcast,American Radical,The Michael Steele Podcast,The ReidOut with Joy Reid,The Chris Cuomo Project,The Benny Show,Politics War Room with James Carville & Al Hunt,Future of Freedom,The Five,The Dispatch Podcast,Future of Freedom,The Sean Spicer Show
Can He Do That?,Worldly,The Classicist with Victor Davis Hanson,The Realignment,Conspiracy Unlimited: Following The Truth Wherever It Leads,Bag Man,Pod Save the People,Krystal Kyle & Friends,The Remnant with Jonah Goldberg,Hot Takes With Matt Gaetz,The Ben Ferguson Podcast,Useful Idiots with Matt Taibbi and Katie Halper,Advisory Opinions,Bag Man,Advisory Opinions,The Chad Prather Show,Skullduggery,Straight White American Jesus,Leading,Hold These Truths with Dan Crenshaw,Ruthless Variety Progrum,Cleanup on Aisle 45 with AG & Pete Strzok,Dissident at the Doorstep,American Fever Dream,The Ben Ferguson Podcast,No Lie with Brian Tyler Cohen,Brian Kilmeade Show,Talking Feds,Jack,Advisory Opinions,The Remnant with Jonah Goldberg
The Tom Woods Show,The Lawfare Podcast,Common Sense with Dan Carlin,Trumpcast,The Ben Ferguson Podcast,Into America,American Conservative University,The Young Turks,Global Translations,Fever Dreams,Fox News Sunday Audio,Skullduggery,Know Your Enemy,Uncommon Knowledge,SGT Report's The Propaganda Antidote,War on the Rocks,The Chad Prather Show,The Foreign Affairs Interview,Politics War Room with James Carville & Al Hunt,The Suburban Women Problem,Hold These Truths with Dan Crenshaw,Know Better Do Better,The Ben Ferguson Podcast,The McCarthy Report,The Warning with Steve Schmidt,This Week with George Stephanopoulos,The Majority Report with Sam Seder,The Benny Show,The Rest Is Politics,The Wright Report,RealClearPolitics Podcast
Outloud with Gianno Caldwell,Conservative Daily Podcast,The Ticket: Politics from The Atlantic,Gaslit Nation with Andrea Chalupa and Sarah Kendzior,SGT Report's The Propaganda Antidote,Just the Truth with Jenna Ellis,Talking Feds,#SistersInLaw,Fear & Malding,The Realignment,The 11th Hour with Brian Williams,Hot Takes With Matt Gaetz,The Editors,Skullduggery,Federalist Radio Hour,The Liz Wheeler Show,The Buck Sexton Show,The Great America Show with Lou Dobbs,Newt's World,Brian Kilmeade Show,The Great America Show with Lou Dobbs,The Benny Show,The Benny Show,The Rest Is Politics,System Update with Glenn Greenwald,The Tom Woods Show,The Wright Report,Velshi,The ReidOut with Joy Reid,The Dispatch Podcast,Candace Owens
Advisory Opinions,Revolutionary Left Radio,Sara Carter Show,Majority 54,Hacks on Tap with David Axelrod and Mike Murphy,Bad Faith,Opening Arguments,Global Translations,Krystal Kyle & Friends,American Freedom with Mike Pence,The David Pakman Show,The Brian Lehrer Show,The Reason Roundtable,Federalist Radio Hour,Useful Idiots with Matt Taibbi and Katie Halper,The McCarthy Report,The Suburban Women Problem,The Wright Report,Useful Idiots with Matt Taibbi and Katie Halper,Political Gabfest,Opening Arguments,The McCarthy Report,The Remnant with Jonah Goldberg,The Great America Show with Lou Dobbs,Straight White American Jesus,Hacks On Tap,POLITICO Playbook Daily Briefing,Perino on Politics,Risky Business with Nate Silver and Maria Konnikova,John Solomon Reports,Know Your Enemy
Hot Takes With Matt Gaetz,The Ticket: Politics from The Atlantic,Checks and Balance,Pantsuit Politics,Time To Say Goodbye,No Lie with Brian Tyler Cohen,BardsFM,Opening Arguments,The Young Turks,Conspiracy Unlimited: Following The Truth Wherever It Leads,"Girl and The Gov, The Podcast",No Compromise,The PoliticsGirl Podcast,Checks and Balance from The Economist,No Compromise,The Michael Steele Podcast,The Ben Ferguson Podcast,The Majority Report with Sam Seder,The Stew Peters Show,Firebrand with Matt Gaetz,The Dig,Israel: State of a Nation,SGT Report’s The Propaganda Antidote,The Young Turks,The Weeds,COURTSIDE with Neal Katyal,Advisory Opinions,Conversations with Bill Kristol,Americast,The Campaign Moment,Mea Culpa
The Ticket: Politics from The Atlantic,The Dishcast with Andrew Sullivan,The Dana Show with Dana Loesch,Y'all-itics,Debunked,The Michael Steele Podcast,The Young Turks,The Dispatch Podcast,Politicology,The Daily Punch,Debunked,Federalist Radio Hour,The Young Turks,Advisory Opinions,The Ben Ferguson Podcast,The Reason Interview With Nick Gillespie,The Benny Show,Firebrand with Matt Gaetz,Fox Across America w/ Jimmy Failla,Intercepted,Know Your Enemy,Talking Feds,Political Gabfest,The Brian Lehrer Show,Know Your Enemy,The Rest Is Politics,Perino on Politics,NBC Nightly News with Lester Holt,The Brian Lehrer Show,The PoliticsGirl Podcast,The Warning with Steve Schmidt
The Majority Report with Sam Seder,The David Pakman Show,The Brian Lehrer Show,Intelligence Matters,BardsFM,Third Degree,Rudy Giuliani's Common Sense,The Brian Lehrer Show,Conservative Daily Podcast,The Beat with Ari Melber,The Daily Punch,Opening Arguments,The Majority Report with Sam Seder,Useful Idiots with Matt Taibbi and Katie Halper,Krystal Kyle & Friends,The Monica Crowley Podcast,Hagmann Report,The Stew Peters Show,That Trippi Show,The Stew Peters Show,"""YOUR WELCOME"" with Michael Malice",Hold These Truths with Dan Crenshaw,Pardon The Insurrection: News and Politics Podcast,Talking Feds,American Radical,Brian Kilmeade Show,Radio Atlantic,Tim Pool Daily Show,Mea Culpa,George Conway Explains It All (To Sarah Longwell),John Solomon Reports
The Deciding Decade with Pete Buttigieg,Pantsuit Politics,Opening Arguments,Donald J Trump Podcast,POLITICO's Nerdcast,The Chuck ToddCast: Meet the Press,Hagmann Report,Power Corrupts,Conspiracy Unlimited: Following The Truth Wherever It Leads,Newt's World,Hagmann Report,The Gerry Callahan Show,Power Corrupts,Kash's Corner,The ReidOut with Joy Reid,SGT Report’s The Propaganda Antidote,Common Sense with Dan Carlin,Federalist Radio Hour,American Conservative University,Opening Arguments,The Kyle Seraphin Show,American Fever Dream,The Great America Show with Lou Dobbs,Conversations with Bill Kristol,Jen Rubin's Green Room,THE DAILY BLAST with Greg Sargent,System Update with Glenn Greenwald,Shrinking Trump,The Hugh Hewitt Show: Highly Concentrated,The Majority Report with Sam Seder,Polling Plus with Matt Towery and Robert Cahaly
American Party Podcast,Worst Year Ever,The Remnant with Jonah Goldberg,Kamala: Next in Line,Intelligence Matters,Rudy Giuliani's Common Sense,The Realignment,No Lie with Brian Tyler Cohen,This Week with George Stephanopoulos,Federalist Radio Hour,White Flag with Joe Walsh,Conspiracy Unlimited: Following The Truth Wherever It Leads,Common Sense with Dan Carlin,The 11th Hour with Stephanie Ruhle,Ruthless,The ReidOut with Joy Reid,Federalist Radio Hour,Fox News Sunday Audio,The Ben Ferguson Podcast,Richard Syrett's Strange Planet,不明白播客,The Tom Woods Show,Intercepted,The Good Liars Tell The Truth,Federalist Radio Hour,Perino on Politics,John Solomon Reports,The ReidOut with Joy Reid,The Wright Report,Americast,George Conway Explains It All
Who Is?,The Editors,The Majority Report with Sam Seder,Conservative Daily Podcast,The David Pakman Show,Common Sense with Dan Carlin,Playbook Deep Dive,Politicology,The Dishcast with Andrew Sullivan,White Flag with Joe Walsh,The Tom Woods Show,White Flag with Joe Walsh,Southlake,The Buck Sexton Show,American Radical,Doubletake,The Monica Crowley Podcast,Richard Syrett's Strange Planet,The Reason Roundtable,The Liz Wheeler Show,Scott Horton Show - Just the Interviews,SGT Report’s The Propaganda Antidote,The Dershow,Richard Syrett's Strange Planet,The Wright Report,The Foreign Affairs Interview,Talking Feds,This Week with George Stephanopoulos,NBC Nightly News with Lester Holt,POLITICO Playbook Daily Briefing,This Week with George Stephanopuolos
The Betches Sup Podcast,Who Is?,The Tom Woods Show,Hagmann Report,Third Degree,The Daily Punch,Advisory Opinions,Newt's World,Skullduggery,Worst Year Ever,Face the Nation on the Radio,Power Corrupts,Opening Arguments,School Colors,The PoliticsGirl Podcast,We Dissent,Richard Syrett's Strange Planet,Hold These Truths with Dan Crenshaw,Checks and Balance from The Economist,Millennials Are Killing Capitalism,The Michael Steele Podcast,Politicology,How to Win 2024,Beg to Differ with Mona Charen,Brian Kilmeade Show,Israel: State of a Nation,Mea Culpa,John Solomon Reports,World Ablaze with George Fontes,Rick Wilson's The Enemies List,Playbook Deep Dive
This Week with George Stephanopoulos,Kamala: Next in Line,Talking Feds,The Beat with Ari Melber,Ruthless,The Majority Report with Sam Seder,Uncommon Knowledge,Federalist Radio Hour,The Chuck ToddCast: Meet the Press,Opening Arguments,Checks and Balance from The Economist,No Lie with Brian Tyler Cohen,Newt's World,Newt's World,"Mueller, She Wrote",The Breitbart News Daily Podcast,POLITICO Playbook Daily Briefing,The Tom Woods Show,The Foreign Affairs Interview,The Backbench,Politicology,The Young Turks,Opening Arguments,The Stew Peters Show,Israel: State of a Nation,The Weeds,The Wilderness,POLITICO Playbook Daily Briefing,Checks and Balance from The Economist,#SistersInLaw,The Majority Report with Sam Seder
Worst Year Ever,The Dershow,Power Corrupts,The Editors,The Beat with Ari Melber,Rob Smith is Problematic,The Daily Punch,"""YOUR WELCOME"" with Michael Malice",Fox News Sunday Audio,Checks and Balance from The Economist,Politicology,The President's Inbox,The Assault on America,SGT Report's The Propaganda Antidote,Revolutionary Left Radio,Debunked,Uncommon Knowledge,Debunked,The Remnant with Jonah Goldberg,The Dispatch Podcast,Tim Pool Daily Show,The 11th Hour with Stephanie Ruhle,POLITICO Playbook Daily Briefing,Opening Arguments,The Chris Cuomo Project,System Update with Glenn Greenwald,The Dershow,Lever Time with David Sirota,Inside with Jen Psaki,Nikki Haley Live,The Good Liars Tell The Truth
The Brian Lehrer Show,The Young Turks,Revolutionary Left Radio,The Brian Lehrer Show,The Realignment,The Young Turks,The Dispatch Podcast,The Realignment,Opening Arguments,#SistersInLaw,Know Your Enemy,The Daily Punch,The Chuck ToddCast: Meet the Press,The Focus Group with Sarah Longwell,The Buck Sexton Show,Newt's World,Politics War Room with James Carville & Al Hunt,The Weeds,Kash's Corner,POLITICO Playbook Daily Briefing,Newt's World,Straight White American Jesus,The Daily Punch,The Michael Steele Podcast,Tangle,Face the Nation with Margaret Brennan,THE DAILY BLAST with Greg Sargent,Brian Kilmeade Show,Undercurrents,The Chris Cuomo Project,The Michael Steele Podcast
The Dispatch Podcast,Conspiracy Unlimited: Following The Truth Wherever It Leads,Conservative Daily Podcast,Checks and Balance,The MeidasTouch Podcast,The Ben Ferguson Podcast,Shootin' Straight with Ken Buck,The Daily Punch,"""YOUR WELCOME"" with Michael Malice",California Rebel Base with Steve Hilton,Talking Feds,The Realignment,Conspiracy Unlimited: Following The Truth Wherever It Leads,The David Pakman Show,"""YOUR WELCOME"" with Michael Malice",The Dershow,The ReidOut with Joy Reid,Politicology,SGT Report’s The Propaganda Antidote,The Focus Group Podcast,Federalist Radio Hour,Federalist Radio Hour,System Update with Glenn Greenwald,New York’s Finest: Retired & Unfiltered Podcast,Perino on Politics,The Great America Show with Lou Dobbs,American Fever Dream,Cleanup on Aisle 45 with AG & Pete Strzok,Brian Kilmeade Show,Jack,Face the Nation with Margaret Brennan
Intelligence Matters,Classicist,Rob Smith is Problematic,The Majority Report with Sam Seder,Talking Feds,The Realignment,The Ben Ferguson Podcast,Conspiracy Unlimited: Following The Truth Wherever It Leads,The Daily Punch,The Brian Lehrer Show,News Not Noise,Time To Say Goodbye,Useful Idiots with Matt Taibbi and Katie Halper,The Reason Roundtable,TRIGGERnometry,The Focus Group with Sarah Longwell,The Majority Report with Sam Seder,The Tudor Dixon Podcast,The Majority Report with Sam Seder,The Pete Quinones Show,The Mel K Show,The Weeds,Brian Kilmeade Show,The Hugh Hewitt Show: Highly Concentrated,Making the Argument with Nick Freitas,Ruthless Podcast,America This Week,Politix,System Update with Glenn Greenwald,The Focus Group Podcast,The Campaign Moment
The Beat with Ari Melber,Saludando al publico #1,Trumpcast,The Ticket: Politics from The Atlantic,Uncommon Knowledge,Uncommon Knowledge,Bad Faith,Cleanup on Aisle 45 with AG and Andrew Torrez,The Brian Lehrer Show,Know Your Enemy,Hot Takes With Matt Gaetz,Bad Faith,The Chad Prather Show,Southlake,Uncommon Knowledge,POLITICO Playbook Daily Briefing,The Michael Steele Podcast,Useful Idiots with Matt Taibbi and Katie Halper,POLITICO Playbook Daily Briefing,Kash's Corner,Hacks On Tap,In the Litter Box,Politix,Inside with Jen Psaki,On The Inside With James O’Keefe,The David Pakman Show,Americast,The Hugh Hewitt Show: Highly Concentrated,John Solomon Reports,Inside with Jen Psaki,Velshi
Revolutionary Left Radio,American Thought Leaders,The Dershow,Deconstructed,Advisory Opinions,The Truth with Lisa Boothe,Gaslit Nation with Andrea Chalupa and Sarah Kendzior,That Trippi Show,American Party Podcast,Krystal Kyle & Friends,Federalist Radio Hour,The Liz Wheeler Show,Firebrand with Matt Gaetz,The Ben Ferguson Podcast,The Great America Show with Lou Dobbs,Know Your Enemy,Politicology,Krystal Kyle & Friends,War on the Rocks,Useful Idiots with Matt Taibbi and Katie Halper,Common Sense with Dan Carlin,POLITICO Playbook Daily Briefing,Know Your Enemy,Politicology,The Young Turks,The Benny Show,The Tudor Dixon Podcast,The Chris Cuomo Project,The Campaign Moment,The Odd Years,System Update with Glenn Greenwald
Opening Arguments,The Michael Steele Podcast,America Can We Talk w/ Debbie Georgatos,Worldly,Unf*cking The Republic,Ruthless,Worldly,Straight White American Jesus,The Liz Wheeler Show,Debunked,Mad Dogs and Englishmen,American Freedom with Mike Pence,The Daily Punch,The Realignment,That Trippi Show,Intergenerational Politics,The Rest is Politics,America This Week,Richard Syrett's Strange Planet,SGT Report’s The Propaganda Antidote,Beg to Differ with Mona Charen,The Majority Report with Sam Seder,The Brian Lehrer Show,The Majority Report with Sam Seder,The Brian Lehrer Show,POLITICO Playbook Daily Briefing,Know Your Enemy,On the Nose,Cleanup on Aisle 45 with AG & Pete Strzok,World Ablaze with George Fontes,That Trippi Show
Intercepted with Jeremy Scahill,The Dana Show with Dana Loesch,Intelligence Matters,Conspiracy Unlimited: Following The Truth Wherever It Leads,The ReidOut with Joy Reid,Majority 54,Fear & Malding,The Gerry Callahan Show,Hot Takes With Matt Gaetz,Can He Do That?,Intelligence Squared,The Majority Report with Sam Seder,The Breitbart News Daily Podcast,Hacks On Tap,The Dishcast with Andrew Sullivan,The Kyle Kulinski Show,How It Happened,System Update with Glenn Greenwald,The Buck Sexton Show,The Dershow,The Whistleblowers: Inside the Trump Administration,Checks and Balance from The Economist,"""YOUR WELCOME"" with Michael Malice",Know Your Enemy,The Sharyl Attkisson Podcast,Saturdays & Sundays with Jonathan Capehart,Straight White American Jesus,The Ben Ferguson Podcast,The Foreign Affairs Interview,The Ben Ferguson Podcast,American Fever Dream
Fox News Sunday Audio Podcast,Rudy Giuliani on 77 WABC,The Marianne Williamson Podcast: Conversations That Matter,Ruthless,Pantsuit Politics,The Oath with Chuck Rosenberg,The Majority Report with Sam Seder,The Drilldown with Peter Schweizer,Hacks On Tap,The Majority Report with Sam Seder,Rudy Giuliani's Common Sense,Rudy Giuliani's Common Sense,Bad Faith,In the Litter Box,The David Pakman Show,The Reason Roundtable,Hold These Truths with Dan Crenshaw,Beg to Differ with Mona Charen,The Brian Lehrer Show,Newt's World,Making the Argument with Nick Freitas,War on the Rocks,The Mel K Show,Federalist Radio Hour,Intercepted,Beg to Differ with Mona Charen,The Warning with Steve Schmidt,Extremely American,No Gods No Mayors,The Al Franken Podcast,2WAY
Deconstructed with Mehdi Hasan,Trumpcast,Hagmann Report,Rational Security,The Marianne Williamson Podcast: Conversations That Matter,How It Happened,Conspiracy Unlimited: Following The Truth Wherever It Leads,Revolutionary Left Radio,Face the Nation on the Radio,No Lie with Brian Tyler Cohen,The MeidasTouch Podcast,Krystal Kyle & Friends,The Reason Interview With Nick Gillespie,Firebrand with Matt Gaetz,Playbook Deep Dive,Breakdown,Checks and Balance from The Economist,Playbook Deep Dive,Straight White American Jesus,The Illusion of Consensus,The Stew Peters Show,Making the Argument with Nick Freitas,Leading,Pod Save the UK,"""YOUR WELCOME"" with Michael Malice",Newt's World,The Smerconish Podcast,System Update with Glenn Greenwald,The Michael Steele Podcast,System Update with Glenn Greenwald,The Smerconish Podcast
Donald J Trump Podcast,Pod Save the People,Global Translations,Pod Save the People,The Young Turks,Straight White American Jesus,Checks and Balance,In The Thick,Uncommon Knowledge,Intercepted with Jeremy Scahill,Advisory Opinions,American Party Podcast,Revolutionary Left Radio,I Don't Speak German,GZERO World with Ian Bremmer,Politicology,"Mueller, She Wrote",不明白播客,The Dispatch Podcast,The Dig,The Pete Quinones Show,Velshi,Federalist Radio Hour,GZERO World with Ian Bremmer,POLITICO Playbook Daily Briefing,Respecting Religion,The PoliticsGirl Podcast,The Good Liars Tell The Truth,Talking Feds,The Smerconish Podcast,Human Events Daily with Jack Posobiec
Talking Feds,The McCarthy Report,Worldly,The Fourth Watch Podcast,Rob Smith is Problematic,I Don't Speak German,Revolutionary Left Radio,Pod Save the People,Bag Man,The Chuck ToddCast: Meet the Press,The Young Turks,This Morning With Gordon Deal,Skullduggery,Rudy Giuliani's Common Sense,Cleanup on Aisle 45 with AG and Andrew Torrez,Fox Across America w/ Jimmy Failla,The Daily Punch,Volts,Greg Kelly Reports - Newsmax TV,The Brian Lehrer Show,The Young Turks,The Foreign Affairs Interview,The Young Turks,POLITICO Playbook Daily Briefing,COURTSIDE with Neal Katyal,不明白播客,The Foreign Affairs Interview,World Ablaze with George Fontes,The Benny Show,"""YOUR WELCOME"" with Michael Malice",The Ben Ferguson Podcast
The Chuck ToddCast: Meet the Press,BardsFM,The Sharyl Attkisson Podcast,The Classicist with Victor Davis Hanson,The Reason Roundtable,Skullduggery,The Reason Roundtable,Gaslit Nation with Andrea Chalupa and Sarah Kendzior,Intelligence Squared,Mad Dogs and Englishmen,Prevail with Greg Olear,Pod Save the People,The Liz Wheeler Show,The Brian Lehrer Show,The Mel K Show,Positively Dreadful,The Reason Roundtable,The Dishcast with Andrew Sullivan,The Weeds,The Ben Ferguson Podcast,Fox News Sunday Audio,"""YOUR WELCOME"" with Michael Malice",The Foreign Affairs Interview,Velshi,The Stew Peters Show,The Campaign Moment,The Hugh Hewitt Show: Highly Concentrated,The McCarthy Report,Straight White American Jesus,No Lie with Brian Tyler Cohen,The ReidOut with Joy Reid
Rethinking Palestine,The Majority Report with Sam Seder,Ruthless,Diamond & Silk: The Podcast,Worldly,SGT Report's The Propaganda Antidote,Free Man Beyond the Wall,The Dishcast with Andrew Sullivan,Federalist Radio Hour,That Trippi Show,Hacks On Tap,In The Thick,The Realignment,The Dershow,The Tom Woods Show,Useful Idiots with Matt Taibbi and Katie Halper,The Liz Wheeler Show,The Dig,The Monica Crowley Podcast,The Tom Woods Show,Hodgetwins,Let Them Eat Toast,Bad Faith,Perino on Politics,The Daily Punch,The Brian Lehrer Show,Jack,The Remnant with Jonah Goldberg,The Chris Cuomo Project,Talking Feds,The Beat with Ari Melber
Intelligence Squared,Donald J Trump Podcast,Pod Save the People,Economic Update with Richard D. Wolff,Refuse Fascism,The Betches Sup Podcast,No Lie with Brian Tyler Cohen,The Majority Report with Sam Seder,The Reason Roundtable,Bad Faith,AMERICA OUT LOUD PODCAST NETWORK,Checks and Balance from The Economist,No Lie with Brian Tyler Cohen,The ReidOut with Joy Reid,Washington Today,The Tom Woods Show,The Damage Report with John Iadarola,The Mel K Show,American Radical,Fox Across America w/ Jimmy Failla,Southlake,Beg to Differ with Mona Charen,No Lie with Brian Tyler Cohen,The Weeds,The Good Liars Tell The Truth,The Michael Steele Podcast,Pod Save the UK,The Michael Steele Podcast,POLITICO Playbook Daily Briefing,Conversations with Bill Kristol,Checks and Balance from The Economist
Face the Nation on the Radio,Talking Feds,The Realignment,Chronicled: Who Is Kamala Harris?,The Brian Lehrer Show,The Better for America Podcast,The Chuck ToddCast: Meet the Press,The Dig,The Majority Report with Sam Seder,Rudy Giuliani's Common Sense,The Chuck ToddCast: Meet the Press,Straight White American Jesus,"Mueller, She Wrote",Straight White American Jesus,Skullduggery,Richard Syrett's Strange Planet,How to Save a Country,Highball Politics,The Smerconish Podcast,The Chris Cuomo Project,Leading,Newt's World,Perino on Politics,That Trippi Show,The Majority Report with Sam Seder,Making the Argument with Nick Freitas,The Brian Lehrer Show,Scott Horton Show - Just the Interviews,The Good Liars Tell The Truth,Federalist Radio Hour,How to Fix It with John Avlon
Classicist,No Compromise,The Dishcast with Andrew Sullivan,"The Prather Point.  Uncensored, Unafraid, Outside the Box",The Daily Punch,Mad Dogs and Englishmen,Victor Davis Hanson's The Classicist,Rudy Giuliani's Common Sense,Straight White American Jesus,Deconstructed,The Brian Lehrer Show,The McCarthy Report,The Bob Cesca Show,The Tom Woods Show,Velshi,The Brian Lehrer Show,Debunked,Intercepted,The Dershow,War on the Rocks,Third Degree,The Smerconish Podcast,Know Better Do Better,The Daily Punch,SGT Report’s The Propaganda Antidote,The Young Turks,This Week with George Stephanopoulos,Face the Nation with Margaret Brennan,The Majority Report with Sam Seder,Straight White American Jesus,The PoliticsGirl Podcast
POLITICO's Nerdcast,Uncommon Knowledge,Into America,Tom Fitton's Weekly Update Podcast,Into America,The Sharyl Attkisson Podcast,The Marianne Williamson Podcast: Conversations That Matter,American Prestige,Pardon My American,CorbettReport.com - Feature Interviews,American Freedom with Mike Pence,Bo Snerdley / James Golden,This Morning With Gordon Deal,Fox News Sunday Audio,Majority 54,The Damage Report with John Iadarola,El Washington Post,Hagmann Report,不明白播客,American Radical,Checks and Balance from The Economist,Amarica's Constitution,Israel: State of a Nation,Fox Across America w/ Jimmy Failla,The Bob Cesca Show,Volts,Candace Owens,The Wright Report,Shrinking Trump,Fox Across America w/ Jimmy Failla,Newt's World
AM Joy,The Betches Sup Podcast,Y'all-itics,Opening Arguments,The Editors,American Party Podcast,American Party Podcast,Ruthless,Talking Feds,Words To Win By,California Rebel Base with Steve Hilton,Conservative Daily Podcast,Pod Save the People,The Dishcast with Andrew Sullivan,The Liz Wheeler Show,This Week with George Stephanopoulos,The Dishcast with Andrew Sullivan,Fox Across America w/ Jimmy Failla,Hold These Truths with Dan Crenshaw,Debunked,The Majority Report with Sam Seder,The Dig,The Stew Peters Show,Checks and Balance from The Economist,The Great America Show with Lou Dobbs,Checks and Balance from The Economist,Shrinking Trump,Straight White American Jesus,Rick Wilson's The Enemies List,Checks and Balance from The Economist,Straight White American Jesus
Worldly,Know Your Enemy,Diamond & Silk: The Podcast,Know Your Enemy,Common Sense with Bill O'Reilly,Intercepted with Jeremy Scahill,This Morning With Gordon Deal,Qanon FAQ,American Freedom with Mike Pence,Playbook Deep Dive,Fever Dreams,American Conservative University,The Lost Debate,The Chad Prather Show,The Breitbart News Daily Podcast,Checks and Balance from The Economist,Useful Idiots with Matt Taibbi and Katie Halper,American Prestige,This Week with George Stephanopoulos,The President's Inbox,The Foreign Affairs Interview,Playbook Deep Dive,Making the Argument with Nick Freitas,The Bob Cesca Show,The Kyle Seraphin Show,GZERO World with Ian Bremmer,The Counsel,Advisory Opinions,Making the Argument with Nick Freitas,The Brian Lehrer Show,Advisory Opinions
Hold The Line Podcast,Indisputable with Dr. Rashad Richey,Uncommon Knowledge,Intercepted with Jeremy Scahill,Politicology,American Party Podcast,The Majority Report with Sam Seder,The Dworkin Report,Indisputable with Dr. Rashad Richey ,Uncommon Knowledge,Intercepted with Jeremy Scahill,Politicology,American Party Podcast,The Majority Report with Sam Seder ,The Dworkin Report,In the Litter Box,The Betches Sup Podcast,Opening Arguments,Judging Freedom,Greg Kelly Reports - Newsmax TV,Radio Tragedy رادیو تراژدی,Intercepted,War on the Rocks,The Editors,The Chuck ToddCast: Meet the Press,Know Your Enemy,Mad Dogs and Englishmen,Defiance,The Reason Interview With Nick Gillespie,The Betches Sup Podcast,The Home Front