rank,title
1,Pod Save America
2,Candace Owens
3,Pod Save the UK
4,Bannon`s War Room
5,Breaking Points with Krystal and Saagar
6,The Run-Up
7,Louder with Crowder
8,The Bulwark Podcast
9,Let's Find Common Ground
10,Prosecuting Donald Trump
11,Deadline: White House
12,The Clay Travis and Buck Sexton Show
13,Future of Freedom
14,Countdown with Keith Olbermann
15,The Beat with Ari Melber
16,The Victor Davis Hanson Show
17,Verdict with Ted Cruz
18,The Lincoln Project
19,Stay Tuned with Preet
20,All In with Chris Hayes
21,FiveThirtyEight Politics
22,The MeidasTouch Podcast
23,John Solomon Reports
24,Talking Feds
25,X22 Report
26,Tim Pool Daily Show
27,Pod Save the World
28,System Update with Glenn Greenwald
29,Human Events Daily with Jack Posobiec
30,The Al Franken Podcast
31,Hodgetwins
32,Ruthless
33,Hacks On Tap
34,The Great America Show with Lou Dobbs
35,The Political Scene | The New Yorker
36,The Benny Show
37,Jack
38,Fast Politics with Molly Jong-Fast
39,Mea Culpa
40,NBC Nightly News with Lester Holt
41,The Five
42,Stay Free with Russell Brand
43,Firebrand with Matt Gaetz
44,The Wright Report
45,#SistersInLaw
46,Brian Kilmeade Show
47,American Prestige
48,The 11th Hour with Stephanie Ruhle
49,The Warning with Steve Schmidt
50,The ReidOut with Joy Reid
51,No Lie with Brian Tyler Cohen
52,The PoliticsGirl Podcast
53,"""YOUR WELCOME"" with Michael Malice"
54,The Liz Wheeler Show
55,Advisory Opinions
56,The David Pakman Show
57,Respecting Religion
58,The Michael Steele Podcast
59,Political Gabfest
60,The Chris Cuomo Project
61,Federalist Radio Hour
62,Cleanup on Aisle 45 with AG & Pete Strzok
63,The Next Level
64,Know Your Enemy
65,Opening Arguments
66,Debunked
67,The Rest Is Politics
68,Leading
69,Politics War Room with James Carville & Al Hunt
70,Newt's World
71,Useful Idiots with Matt Taibbi and Katie Halper
72,The Stew Peters Show
73,Fox Across America w/ Jimmy Failla
74,That Trippi Show
75,American Conservative University
76,The Ben Ferguson Podcast
77,The Reason Roundtable
78,Checks and Balance from The Economist
79,The Foreign Affairs Interview
80,The Remnant with Jonah Goldberg
81,Kash's Corner
82,SGT Report’s The Propaganda Antidote
83,The Majority Report with Sam Seder
84,POLITICO Playbook Daily Briefing
85,War on the Rocks
86,Richard Syrett's Strange Planet
87,The Buck Sexton Show
88,The Brian Lehrer Show
89,Straight White American Jesus
90,The Dispatch Podcast
91,Greg Kelly Reports - Newsmax TV
92,The Weeds
93,The Monica Crowley Podcast
94,American Radical
95,The Smerconish Podcast
96,The Dershow
97,不明白播客
98,Hold These Truths with Dan Crenshaw
99,This Week with George Stephanopoulos
100,Judging Freedom
